name,link_target,region,rng,elev,prom,col,lat,lon,sources
Mount Everest,Mount Everest,/,Himalayas,8848.0,8848.0,0.0,27.988055555,86.925,list-of-ultras-of-the-himalayas
Aconcagua,Aconcagua,,Andes,6962.0,6962.0,0.0,-32.653055555,-70.011666666,list-of-ultras-of-south-america
Denali,,Alaska,Alaska Range,6190.5,6140.5,,63.069,-151.0063,list-of-ultras-of-north-america
Mount Kilimanjaro,Mount Kilimanjaro,,Eastern Rift mountains,5895.0,5885.0,10.0,-3.066666666,37.359166666,list-of-ultras-of-africa
Pico Cristóbal Colón,Pico Cristóbal Colón,,,5775.0,5584.0,191.0,,,list-of-ultras-of-south-america
Mount Logan,,Yukon,Saint Elias Mountains,5956.0,5247.0,,60.5671,-140.4055,list-of-ultras-of-north-america
Pico de Orizaba,,Puebla,Cordillera Neovolcanica,5636.0,4922.0,,19.0305,-97.2698,list-of-ultras-of-north-america
Vinson Massif,Vinson Massif,,Sentinel Range,4892.0,4892.0,0.0,-78.525555555,-85.617222222,list-of-ultras-of-antarctica
Puncak Jaya,Puncak Jaya,New Guinea,Sudirman Range,4884.0,4884.0,0.0,-4.083333333,137.183333333,list-of-ultras-of-oceania;list-of-ultras-of-the-malay-archipelago
Mount Elbrus,Mount Elbrus,,Greater Caucasus,5642.0,4741.0,901.0,43.35254,42.437875,list-of-european-ultra-prominent-peaks;list-of-ultras-of-west-asia
Monte Bianco,Mont Blanc,/,Alps,4810.0,4697.0,113.0,45.832777777,6.865,list-of-european-ultra-prominent-peaks
Mount Damavand,Mount Damavand,,Alborz Mountains,5610.0,4667.0,943.0,35.955277777,52.109166666,list-of-ultras-of-west-asia
Klyuchevskaya Sopka,Klyuchevskaya Sopka,,Kamchatka,4750.0,4649.0,101.0,56.066666666,160.633333333,list-of-ultras-of-northeast-asia
Nanga Parbat,Nanga Parbat,,Himalayas,8125.0,4608.0,3517.0,35.239166666,74.59,list-of-ultras-of-the-himalayas
Mauna Kea,,,,4207.3,4207.3,19.8207,19.8207,-155.4681,list-of-ultras-of-oceania
Jengish Chokusu,Jengish Chokusu,&nbsp;/&nbsp;,Tian Shan,7439.0,4148.0,3291.0,42.034662,80.128713,list-of-ultras-of-central-asia
Bogda Feng,Bogda Feng,,,5445.0,4122.0,1323.0,,,list-of-ultras-of-central-asia
Chimborazo,Chimborazo (volcano),,Cordillera Occidental,6267.0,4122.0,2145.0,-1.469166666,-78.8175,list-of-ultras-of-south-america
Namcha Barwa,Namcha Barwa,,Himalayas,7782.0,4106.0,3676.0,29.630555555,95.055277777,list-of-ultras-of-the-himalayas
Mount Kinabalu,Mount Kinabalu,Borneo,Crocker Range,4095.0,4095.0,0.0,6.075,116.558611111,list-of-ultras-of-the-malay-archipelago
Mount Rainier,,Washington,Cascade Range,4394.396,4026.416,,46.8529,-121.7604,list-of-ultras-of-north-america
K2,K2,"&nbsp;/&nbsp;,",Karakoram,8614.0,4020.0,4594.0,35.881111111,76.513333333,list-of-ultras-of-the-karakoram-and-hindu-kush
Volcán Tajumulco,,,Sierra de las Nubes,4220.0,3990.0,,15.043,-91.9037,list-of-ultras-of-north-america
Ras Dashen,Ras Dashen,,Simien Mountains,4533.0,3980.0,553.0,13.236666666,38.3725,list-of-ultras-of-africa
Mount Fairweather,,Alaska,Saint Elias Mountains,4671.0,3961.0,,58.9064,-137.5265,list-of-ultras-of-north-america
Pico Bolívar,Pico Bolívar,,Sierra Nevada de Mérida,4981.0,3957.0,1024.0,8.540861111,-71.0465,list-of-ultras-of-south-america
Yushan,Yushan (mountain),,Yushan Range,3952.0,3952.0,0.0,23.47,120.957266666,list-of-ultras-of-tibet-east-asia-and-neighbouring-areas
Mount Stanley,Mount Stanley,&nbsp;/&nbsp;,Rwenzori Mountains,5109.0,3951.0,1158.0,,,list-of-ultras-of-africa
Mount Cameroon,Mount Cameroon,,Cameroon line,4070.0,3931.0,139.0,4.216666666,9.1725,list-of-ultras-of-africa
Kangchenjunga,Kangchenjunga,&nbsp;/&nbsp;,,8586.0,3922.0,4664.0,,,list-of-ultras-of-the-himalayas
Tirich Mir,Tirich Mir,,Hindu Kush,7706.0,3908.0,3798.0,36.245833333,71.843888888,list-of-ultras-of-the-karakoram-and-hindu-kush
Mount Kenya,Mount Kenya,,Eastern Rift mountains,5199.0,3825.0,1374.0,-0.1,37.2,list-of-ultras-of-africa
Mount Kerinci,Mount Kerinci,Sumatra,Barisan Mountains,3805.0,3805.0,0.0,-1.696944,101.264444,list-of-ultras-of-the-malay-archipelago
Mount Erebus,Mount Erebus,Ross Island,Ross Island,3794.0,3794.0,0.0,-77.533333333,167.283333333,list-of-ultras-of-antarctica
Mount Fuji,Mount Fuji,Honshū,Honshu,3776.0,3776.0,0.0,,,list-of-ultra-prominent-peaks-of-japan
Cerro Chirripó,,,Cordillera de Talamanca,3819.0,3755.0,,9.4843,-83.4889,list-of-ultras-of-north-america
Toubkal,Toubkal,,Atlas Mountains,4167.0,3755.0,412.0,31.061944444,-7.916111111,list-of-ultras-of-africa
Finisterre Range,Finisterre Range,,Finisterre Range,4175.0,3734.0,441.0,-5.8,146.1,list-of-ultras-of-oceania
Mount Rinjani,Mount Rinjani,Lombok,Lombok,3726.0,3726.0,0.0,-8.416666666,116.466666666,list-of-ultras-of-the-malay-archipelago
Aoraki / Mount Cook,Aoraki / Mount Cook,,,3724.0,3724.0,0.0,,,list-of-ultras-of-oceania
Teide,Teide,Canaries,Tenerife,3715.0,3715.0,0.0,28.272638888,-16.643611111,list-of-european-ultra-prominent-peaks
Monte San Valentín,Monte San Valentín,,,4058.0,3696.0,362.0,,,list-of-ultras-of-south-america
Gunnbjørn Fjeld,,,Island of Greenland,3694.0,3694.0,,68.9184,-29.8991,list-of-ultras-of-north-america
Ojos del Salado,Ojos del Salado,&nbsp;/&nbsp;,Andes,6893.0,3688.0,3205.0,-27.109722222,-68.541388888,list-of-ultras-of-south-america
Semeru,Semeru,Java,Java,3676.0,3676.0,0.0,-8.1,112.916666666,list-of-ultras-of-the-malay-archipelago
Ritacuba Blanco,Ritacuba Blanco,,Cordillera Oriental,5410.0,3645.0,1765.0,6.494166666,-72.2975,list-of-ultras-of-south-america
Gongga Shan,Gongga Shan,,,7556.0,3642.0,3914.0,,,list-of-ultras-of-tibet-east-asia-and-neighbouring-areas
Mount Ararat,Mount Ararat,,Armenian Highlands,5137.0,3611.0,1526.0,39.701944444,44.298333333,list-of-ultras-of-west-asia
Kongur Tagh,Kongur Tagh,,Kongur Shan,7649.0,3585.0,4064.0,38.593888888,75.313333333,list-of-ultras-of-central-asia
Mount Blackburn,,Alaska,Wrangell Mountains,4995.682,3547.879,,61.7305,-143.4031,list-of-ultras-of-north-america
Mount Hayes,,Alaska,Alaska Range,4216.002,3507.341,,63.6203,-146.7178,list-of-ultras-of-north-america
Mount Rantemario,Mount Rantemario,Sulawesi,,3478.0,3478.0,0.0,,,list-of-ultras-of-the-malay-archipelago
Mount Saint Elias,,Alaska,Saint Elias Mountains,5489.0,3429.0,,60.2927,-140.9307,list-of-ultras-of-north-america
Ismoil Somoni Peak,Ismoil Somoni Peak,,Pamir Mountains,7495.0,3402.0,4093.0,38.942732,72.015347,list-of-ultras-of-central-asia
Dhaulagiri,Dhaulagiri,,Himalayas,8167.0,3357.0,4810.0,28.696666666,83.49,list-of-ultras-of-the-himalayas
Mount Etna,Mount Etna,Sicily,Sicily,3357.0,3357.0,0.0,,,list-of-european-ultra-prominent-peaks
Belukha Mountain,Belukha Mountain,&nbsp;/&nbsp;,Altai Mountains,4506.0,3343.0,1163.0,51.266666666,116.833333333,list-of-ultras-of-central-asia
Mercedario,Mercedario,,Cordillera de la Ramada,6700.0,3333.0,3367.0,-31.978888888,-70.112777777,list-of-ultras-of-south-america
Jabal An-Nabi Shu'ayb,Jabal An-Nabi Shu'ayb,,Arabian Highlands,3666.0,3326.0,340.0,15.279166666,43.975833333,list-of-ultras-of-west-asia
Monte San Lorenzo,Monte San Lorenzo,&nbsp;/&nbsp;,Andes,3706.0,3319.0,387.0,-47.591666666,-72.306666666,list-of-ultras-of-south-america
Mount Karisimbi,Mount Karisimbi,&nbsp;/&nbsp;,Virunga Mountains,4507.0,3312.0,1195.0,-1.5,29.45,list-of-ultras-of-africa
Lautaro,Lautaro (volcano),,Andes,3580.0,3302.0,278.0,,,list-of-ultras-of-south-america
Mount Waddington,,British Columbia,Coast Mountains,4019.0,3289.0,,51.3737,-125.2636,list-of-ultras-of-north-america
Mulhacén,Mulhacén,,Sierra Nevada,3479.0,3285.0,194.0,37.053333333,-3.311388888,list-of-european-ultra-prominent-peaks
Mount Slamet,Mount Slamet,Java,Java,3428.0,3284.0,144.0,-7.239,109.22,list-of-ultras-of-the-malay-archipelago
Sabalan,Sabalan,,Lesser Caucasus,4811.0,3283.0,1528.0,38.266944444,47.836944444,list-of-ultras-of-west-asia
Mount Marcus Baker,,Alaska,Chugach Mountains,4016.053,3276.911,,61.4374,-147.7525,list-of-ultras-of-north-america
Cerro del Bolsón,Cerro del Bolsón,,Andes,5552.0,3252.0,2300.0,-27.214166666,-66.094166666,list-of-ultras-of-south-america
Sauyr Zhotasy,Sauyr Zhotasy,&nbsp;/&nbsp;,Saur Mountains,3840.0,3252.0,588.0,47.049166666,85.566666666,list-of-ultras-of-central-asia
Tomort,Tomort,,Tian Shan,4886.0,3243.0,1643.0,43.073333333,94.346666666,list-of-ultras-of-central-asia
Jade Dragon Snow Mountain,Jade Dragon Snow Mountain,,Yun Range,5596.0,3202.0,2394.0,27.098333333,100.175,list-of-ultras-of-tibet-east-asia-and-neighbouring-areas
Mount Meru,Mount Meru (Tanzania),,Eastern Rift mountains,4565.0,3170.0,1395.0,-3.246780555,36.76025,list-of-ultras-of-africa
Shiveluch,Shiveluch,,Kamchatka,3307.0,3168.0,139.0,56.653633333,161.362966666,list-of-ultras-of-northeast-asia
Nanda Devi,Nanda Devi,,Himalayas,7816.0,3139.0,4677.0,30.373888888,79.970833333,list-of-ultras-of-the-himalayas
Ichinsky,Ichinsky,,Sredinny Range,3607.0,3125.0,482.0,55.6786,157.718,list-of-ultras-of-northeast-asia
Batura Sar,Batura Sar,",",Karakoram,7795.0,3118.0,4677.0,36.51,74.5225,list-of-ultras-of-the-karakoram-and-hindu-kush
Mount Lawu,Mount Lawu,Java,Java,3265.0,3118.0,147.0,,,list-of-ultras-of-the-malay-archipelago
Mount Siple,Mount Siple,Siple Island,Siple Island,3110.0,3110.0,0.0,-73.433333333,-126.666666666,list-of-ultras-of-antarctica
Pico Duarte,,,Island of Hispaniola,3098.0,3098.0,,19.0231,-70.9977,list-of-ultras-of-north-america
Manaslu,Manaslu,,Himalayas,8163.0,3092.0,5071.0,28.55,84.559722222,list-of-ultras-of-the-himalayas
Mount Lucania,,Yukon,Saint Elias Mountains,5260.0,3080.0,,61.0215,-140.4661,list-of-ultras-of-north-america
Mount Whitney,,California,Sierra Nevada,4421.0,3072.39,,36.5786,-118.292,list-of-ultras-of-north-america
Piton des Neiges,Piton des Neiges,Réunion,Réunion,3069.0,3069.0,0.0,-21.098888888,55.478888888,list-of-ultras-of-africa
Raung,Raung,Java,Java,3332.0,3069.0,263.0,-8.125,114.041666666,list-of-ultras-of-the-malay-archipelago
Snow Lotus Peak,Xuelian Feng,,Tian Shan,6627.0,3068.0,3559.0,42.261666666,80.89,list-of-ultras-of-central-asia
Haleakalā,,,,3055.017,3055.017,20.7097,20.7097,-156.2533,list-of-ultras-of-oceania
Popocatépetl,,Morelos,Cordillera Neovolcanica,5410.0,3040.0,,19.0225,-98.6278,list-of-ultras-of-north-america
Mount Agung,Mount Agung,Bali,Bali,3031.0,3031.0,0.0,-8.341944444,115.507777777,list-of-ultras-of-the-malay-archipelago
Mount Binaiya,Mount Binaiya,Seram,Seram,3027.0,3027.0,0.0,-3.173333333,129.455,list-of-ultras-of-the-malay-archipelago
Pico Basilé,Pico Basilé,Bioko,Bioko,3011.0,3011.0,0.0,3.583333333,8.766666666,list-of-ultras-of-africa
Koryaksky,Koryaksky,,Sredinny Range,3456.0,2999.0,457.0,53.316666666,158.683333333,list-of-ultras-of-northeast-asia
Gangkhar Puensum,Gangkhar Puensum,&nbsp;/&nbsp;,Himalayas,7570.0,2995.0,4575.0,28.046944444,90.455,list-of-ultras-of-the-himalayas
Mount Stephenson,Mount Stephenson,Alexander Island,Douglas Range,2987.0,2987.0,0.0,-69.816666666,-69.716666666,list-of-ultras-of-antarctica
Tatamailau,Tatamailau,,,2986.0,2986.0,0.0,,,list-of-ultras-of-the-malay-archipelago
Annapurna I,Annapurna I,,,8091.0,2984.0,5107.0,,,list-of-ultras-of-the-himalayas
Pik Talgar,Pik Talgar,,Trans-Ili Alatau,4979.0,2982.0,1997.0,43.11833333,77.34083333,list-of-ultras-of-central-asia
Mount Shasta,,California,Cascade Range,4321.8,2978.512,,41.4092,-122.1949,list-of-ultras-of-north-america
Mount Suckling,Mount Suckling,,Owen Stanley Range,3676.0,2976.0,700.0,-9.669166666,149.010833333,list-of-ultras-of-oceania
Mount Wilhelm,Mount Wilhelm,,Bismarck Range,4509.0,2969.0,1540.0,-5.7799986,145.0295844,list-of-ultras-of-oceania
Mount Apo,Mount Apo,Mindanao,Apo–Talomo,2956.0,2956.0,0.0,6.9875,125.270833333,list-of-ultras-of-the-philippines
Gyala Peri,Gyala Peri,,Nyenchen Tanglha Mountains,7294.0,2942.0,4352.0,29.814166666,94.968333333,list-of-ultras-of-tibet-east-asia-and-neighbouring-areas
Chakragil,Chakragil,,Kunlun Mountains,6760.0,2934.0,3826.0,38.865833333,75.108333333,list-of-ultras-of-central-asia
Emi Koussi,Emi Koussi,,Tibesti Mountains,3445.0,2934.0,511.0,19.789444444,18.551111111,list-of-ultras-of-africa
Mount Paget,Mount Paget,,Allardyce Range,2934.0,2934.0,0.0,-54.440833333,-36.555277777,list-of-ultras-of-antarctica
Mount Pulag,Mount Pulag,Luzon,Cordillera Central,2928.0,2928.0,0.0,16.583572222,120.883591666,list-of-ultras-of-the-philippines
Monarch Mountain (British Columbia),,British Columbia,Coast Mountains,3555.0,2925.0,,51.8995,-125.876,list-of-ultras-of-north-america
El Melao,El Melao,,Sierras Pampeanas,4150.0,2907.0,1243.0,-28.8675,-67.1275,list-of-ultras-of-south-america
Taftan Volcano,Taftan Volcano,,Eastern Iran,3941.0,2901.0,1040.0,,,list-of-ultras-of-west-asia
Jebel Shams,Jebel Shams,,Al Hajar Mountains,3019.0,2899.0,120.0,,,list-of-ultras-of-west-asia
Shishapangma,Shishapangma,,Himalayas,8027.0,2897.0,5130.0,28.352222222,85.779722222,list-of-ultras-of-the-himalayas
Mount Leuser,Mount Leuser,Sumatra,Sumatra,3466.0,2891.0,525.0,3.7975,97.219166666,list-of-ultras-of-the-malay-archipelago
Pico da Neblina,Pico da Neblina,,Cerro de la Neblina,2994.0,2886.0,108.0,0.805494444,-66.005358333,list-of-ultras-of-south-america
Saramati,Mount Saramati,&nbsp;/&nbsp;,Patkai,3826.0,2885.0,941.0,25.74,95.0375,list-of-ultras-of-southeast-asia
Maromokotro,Maromokotro,,Madagascar,2876.0,2876.0,0.0,-14.022777777,48.965833333,list-of-ultras-of-africa
Mount Shishaldin,,Alaska,Unimak Island,2869.393,2869.393,,54.7554,-163.9709,list-of-ultras-of-north-america
Moncong Lompobatang,Moncong Lompobatang,Sulawesi,,2874.0,2857.0,17.0,,,list-of-ultras-of-the-malay-archipelago
Buni Zom,Buni Zom,,Hindu Raj,6542.0,2845.0,3697.0,36.154166666,72.3275,list-of-ultras-of-the-karakoram-and-hindu-kush
Kuh-e Bandaka,Kuh-e Bandaka,,Hindu Kush,6812.0,2834.0,3978.0,36.179166666,70.983333333,list-of-ultras-of-the-karakoram-and-hindu-kush
Mount Fogo,Mount Fogo,Fogo,,2829.0,2829.0,0.0,,,list-of-ultras-of-africa
Mount Robson,,British Columbia,Canadian Rockies,3959.0,2829.0,,53.1105,-119.1566,list-of-ultras-of-north-america
Kamet,Kamet,,Himalayas,7756.0,2825.0,4931.0,30.92,79.593333333,list-of-ultras-of-the-himalayas
Rakaposhi,Rakaposhi,",",Karakoram,7788.0,2818.0,4970.0,36.1425,74.489166666,list-of-ultras-of-the-karakoram-and-hindu-kush
Aneto,Aneto,,Pyrenees,3404.0,2812.0,592.0,42.630991666,0.656686111,list-of-european-ultra-prominent-peaks
Arjuno-Welirang,Arjuno-Welirang,Java,Java,3339.0,2812.0,527.0,-7.765,112.589722222,list-of-ultras-of-the-malay-archipelago
Jiuding Shan,Jiuding Shan,,Daxue Mountains,4969.0,2808.0,2161.0,31.54333333,103.85333333,list-of-ultras-of-tibet-east-asia-and-neighbouring-areas
Mount Ruapehu,Mount Ruapehu,,,2797.0,2797.0,0.0,,,list-of-ultras-of-oceania
Mount Ciremai,Mount Ciremai,Java,,3078.0,2793.0,285.0,,,list-of-ultras-of-the-malay-archipelago
Ibn Sina Peak,Ibn Sina Peak,&nbsp;/&nbsp;,,7134.0,2790.0,4344.0,,,list-of-ultras-of-central-asia
Mount Redoubt,,Alaska,Chigmit Mountains,3108.052,2788.011,,60.4854,-152.7442,list-of-ultras-of-north-america
Gurla Mandhata,Gurla Mandhata,,,7694.0,2788.0,4906.0,,,list-of-ultras-of-the-himalayas
Huascarán,Huascarán,,,6768.0,2776.0,3970.0,,,list-of-ultras-of-south-america
Mount Arfak,Mount Arfak,New Guinea,,2955.0,2775.0,179.0,,,list-of-ultras-of-the-malay-archipelago
Pegunungan Arfak,Pegunungan Arfak,,,2955.0,2775.0,179.0,,,list-of-ultras-of-oceania
Mount Elbert,,Colorado,Sawatch Range,4401.2,2771.552,,39.1178,-106.4454,list-of-ultras-of-north-america
Nevado de Famatina,Nevado de Famatina,,,6097.0,2767.0,3330.0,,,list-of-ultras-of-south-america
Tupungato,Tupungato,&nbsp;/&nbsp;,,6570.0,2765.0,3805.0,,,list-of-ultras-of-south-america
Mount Français,Mount Français,Anvers Island,,2760.0,2760.0,0.0,,,list-of-ultras-of-antarctica
Puncak Mandala,Puncak Mandala,New Guinea,,4760.0,2760.0,2000.0,,,list-of-ultras-of-oceania;list-of-ultras-of-the-malay-archipelago
Iyang-Argapura,Iyang-Argapura,Java,,3088.0,2746.0,342.0,,,list-of-ultras-of-the-malay-archipelago
Big Ben,Big Ben (Heard Island),,,2745.0,2745.0,0.0,,,list-of-ultras-of-oceania
Hazaran,Hazaran,,Hazaran,4500.0,2741.0,1759.0,,,list-of-ultras-of-west-asia
Mount Victoria,"Mount Victoria, Papua New Guinea",,,4038.0,2738.0,1300.0,,,list-of-ultras-of-oceania
Kronotsky,Kronotsky,,,3527.0,2736.0,791.0,,,list-of-ultras-of-northeast-asia
Mount Sir Wilfrid Laurier,,British Columbia,Columbia Mountains,3516.0,2728.0,,52.8015,-119.7315,list-of-ultras-of-north-america
Mount Tambora,Mount Tambora,Sumbawa,,2722.0,2722.0,0.0,,,list-of-ultras-of-the-malay-archipelago
Nevado de Colima,,Jalisco,Cordillera Neovolcanica,4270.0,2720.0,,19.5633,-103.6087,list-of-ultras-of-north-america
Mount Balbi,Mount Balbi,,,2715.0,2715.0,0.0,,,list-of-ultras-of-oceania
Cerro el Manchao,Cerro el Manchao,,,4575.0,2714.0,1861.0,,,list-of-ultras-of-south-america
Fuyul Sojol,Fuyul Sojol,Sulawesi,,3030.0,2713.0,317.0,,,list-of-ultras-of-the-malay-archipelago
Mount Vancouver,,Yukon,Saint Elias Mountains,4812.0,2712.0,,60.3589,-139.698,list-of-ultras-of-north-america
Monte Cinto,Monte Cinto,Corsica,,2706.0,2706.0,0.0,,,list-of-european-ultra-prominent-peaks
Mount Sir Sandford,,British Columbia,Columbia Mountains,3519.0,2703.0,,51.6566,-117.8676,list-of-ultras-of-north-america
Mount Kapalatmada,Mount Kapalatmada,Buru,,2700.0,2700.0,0.0,,,list-of-ultras-of-the-malay-archipelago
Muztagh Ata,Muztagh Ata,,,7509.0,2698.0,4811.0,,,list-of-ultras-of-central-asia
Mount Baker,,Washington,Skagit Range,3287.485,2696.0,,48.7768,-121.8145,list-of-ultras-of-north-america
Karl Marx Peak,Karl Marx Peak,,,6723.0,2693.0,4030.0,,,list-of-ultras-of-central-asia
Pik Dankova,Pik Dankova,,,5982.0,2675.0,3307.0,,,list-of-ultras-of-central-asia
Nevado del Huila,Nevado del Huila,,,5390.0,2650.0,2740.0,,,list-of-ultras-of-south-america
Mount Torbert,,Alaska,Alaska Range,3478.689,2648.108,,61.4086,-152.4125,list-of-ultras-of-north-america
Pic la Selle,,,Island of Hispaniola,2674.0,2644.0,,18.3602,-71.9767,list-of-ultras-of-north-america
Tronador,Tronador,&nbsp;/&nbsp;,,3470.0,2642.0,828.0,,,list-of-ultras-of-south-america
Pico da Bandeira,Pico da Bandeira,,,2890.0,2640.0,250.0,,,list-of-ultras-of-south-america
Lanín,Lanín,&nbsp;/&nbsp;,,3740.0,2624.0,1116.0,,,list-of-ultras-of-south-america
Barbeau Peak,,Nunavut,Ellesmere Island,2616.0,2616.0,,81.9148,-75.0093,list-of-ultras-of-north-america
Heyuan Feng,Heyuan Feng,,,5289.0,2616.0,2673.0,,,list-of-ultras-of-central-asia
Mount Halcon,Mount Halcon,Mindoro,,2616.0,2616.0,0.0,,,list-of-ultras-of-the-philippines
Mount Minto,Mount Minto (Antarctica),,,4165.0,2616.0,1549.0,,,list-of-ultras-of-antarctica
Dena,Dena,,Zagros Mountains,4409.0,2604.0,1805.0,,,list-of-ultras-of-west-asia
Mount Kirkpatrick,Mount Kirkpatrick,,,4528.0,2601.0,1927.0,,,list-of-ultras-of-antarctica
Baekdu Mountain,Baekdu Mountain,&nbsp;/&nbsp;,,2744.0,2593.0,151.0,,,list-of-ultras-of-northeast-asia
Mount Darwin,Mount Darwin (Andes),Tierra del Fuego,,2580.0,2580.0,0.0,,,list-of-ultras-of-south-america
Mount Tagubud,Mount Tagubud,Mindanao,,2670.0,2580.0,90.0,,,list-of-ultras-of-the-philippines
Mount Sumbing,Mount Sumbing,Java,,3371.0,2577.0,743.0,,,list-of-ultras-of-the-malay-archipelago
Tamana,Cerro Tamana,,,4100.0,2573.0,1527.0,,,list-of-ultras-of-south-america
Yaomei Feng,Yaomei Feng,,,6250.0,2571.0,3679.0,,,list-of-ultras-of-tibet-east-asia-and-neighbouring-areas
Koyo Zom,Koyo Zom,,,6872.0,2562.0,4310.0,,,list-of-ultras-of-the-karakoram-and-hindu-kush
San Jacinto Peak,,California,San Jacinto Mountains,3302.3,2541.732,,33.8147,-116.6794,list-of-ultras-of-north-america
Salcantay,Salcantay,,,6271.0,2540.0,3724.0,,,list-of-ultras-of-south-america
Mount Oiautukekea,Mount Vineuo,,,2536.0,2536.0,0.0,,,list-of-ultras-of-oceania
San Gorgonio Mountain,,California,San Bernardino Mountains,3506.205,2528.016,,34.0992,-116.8249,list-of-ultras-of-north-america
Altun Shan,Altun Shan,,,5830.0,2528.0,3302.0,,,list-of-ultras-of-tibet-east-asia-and-neighbouring-areas
Tullu Dimtu,Mount Tullu Dimtu,,,4400.0,2527.0,1873.0,,,list-of-ultras-of-africa
Distaghil Sar,Distaghil Sar,",",,7885.0,2525.0,5360.0,,,list-of-ultras-of-the-karakoram-and-hindu-kush
Pidurutalagala,Pidurutalagala,,,2524.0,2524.0,0.0,,,list-of-ultras-of-tibet-east-asia-and-neighbouring-areas
Mount Parry,Mount Parry,Brabant Island,,2520.0,2520.0,0.0,,,list-of-ultras-of-antarctica
Mount Charleston,,Nevada,Spring Mountains,3632.0,2517.0,,36.2716,-115.6956,list-of-ultras-of-north-america
Mount Sidley,Mount Sidley,,,4285.0,2517.0,1768.0,,,list-of-ultras-of-antarctica
Deriba Caldera,Deriba Caldera,,,3042.0,2512.0,530.0,,,list-of-ultras-of-africa
Mount Giluwe,Mount Giluwe,,,4367.0,2507.0,1860.0,,,list-of-ultras-of-oceania
Mount Pavlof,,Alaska,Alaska Peninsula,2514.605,2499.365,,55.4173,-161.8932,list-of-ultras-of-north-america
Mount Veniaminof,,Alaska,Alaska Peninsula,2506.985,2499.365,,56.2194,-159.2975,list-of-ultras-of-north-america
Mount Oku,Mount Oku,,,3011.0,2491.0,520.0,,,list-of-ultras-of-africa
Uludoruk (Resko Tepe),,,Zagros Mountains,4136.0,2483.0,1653.0,,,list-of-ultras-of-west-asia
Gora Alagordy,Gora Alagordy,&nbsp;/&nbsp;,,4622.0,2480.0,2142.0,,,list-of-ultras-of-central-asia
Mount Adams (Washington),,Washington,Cascade Range,3743.4,2479.858,,46.2024,-121.4909,list-of-ultras-of-north-america
Anamudi,Anamudi,,,2695.0,2479.0,215.0,,,list-of-ultras-of-tibet-east-asia-and-neighbouring-areas
Corno Grande,Corno Grande,,,2912.0,2476.0,436.0,,,list-of-european-ultra-prominent-peaks
Musala,Musala,,,2925.0,2473.0,432.0,,,list-of-european-ultra-prominent-peaks
Mount Aspiring / Tititea,Mount Aspiring / Tititea,,,3033.0,2471.0,562.0,,,list-of-ultras-of-oceania
Jiaozi Snow Mountain,Jiaozi Snow Mountain,,,4330.0,2470.0,1860.0,,,list-of-ultras-of-tibet-east-asia-and-neighbouring-areas
Kuh-e Safad Khers,Kuh-e Safad Khers,,,5325.0,2470.0,2855.0,,,list-of-ultras-of-the-karakoram-and-hindu-kush
Mogote Corralitos,Mogote Corralitos,,,3160.0,2466.0,694.0,,,list-of-ultras-of-south-america
Mount Elgon,Mount Elgon,/,,4321.0,2458.0,1863.0,,,list-of-ultras-of-africa
Skihist Mountain,,British Columbia,Coast Mountains,2968.0,2458.0,,50.1878,-121.9032,list-of-ultras-of-north-america
Masherbrum,Masherbrum,"Control by ,",,7821.0,2457.0,5364.0,,,list-of-ultras-of-the-karakoram-and-hindu-kush
Mount Hubbard,,Alaska,Saint Elias Mountains,4557.0,2457.0,,60.3194,-139.0726,list-of-ultras-of-north-america
Mount Ida,Mount Ida (Crete),Crete,,2456.0,2456.0,0.0,,,list-of-european-ultra-prominent-peaks
Tristeza,Cerro Tristeza,,,2596.0,2456.0,140.0,,,list-of-ultras-of-south-america
Pico Naiguata,Pico Naiguata,,,2765.0,2455.0,310.0,,,list-of-ultras-of-south-america
Mount Bazarduzu,Mount Bazarduzu,/,Greater Caucasus,4466.0,2454.0,2012.0,,,list-of-european-ultra-prominent-peaks;list-of-ultras-of-west-asia
Illimani,Illimani,,,6438.0,2451.0,3987.0,,,list-of-ultras-of-south-america
Mayon,Mayon,Luzon,,2462.0,2447.0,15.0,,,list-of-ultras-of-the-philippines
Mount Dempo,Mount Dempo,Sumatra,,3159.0,2446.0,713.0,,,list-of-ultras-of-the-malay-archipelago
Bairiga,Bairiga,,,6882.0,2444.0,4438.0,,,list-of-ultras-of-tibet-east-asia-and-neighbouring-areas
Kuh-e Chuk Shakh,Kuh-e Chuk Shakh,,,5467.0,2444.0,3023.0,,,list-of-ultras-of-the-karakoram-and-hindu-kush
Mount Dulang-dulang,Mount Dulang-dulang,Mindanao,,2938.0,2444.0,498.0,,,list-of-ultras-of-the-philippines
Pik Pobeda,"Peak Pobeda, Sakha",,,3003.0,2443.0,560.0,,,list-of-ultras-of-northeast-asia
Annapurna II,Annapurna II,,,7937.0,2437.0,5500.0,,,list-of-ultras-of-the-himalayas
Mount Merbabu,Mount Merbabu,Java,,3145.0,2432.0,713.0,,,list-of-ultras-of-the-malay-archipelago
Kanlaon,Kanlaon,Negros,,2465.0,2430.0,0.0,,,list-of-ultras-of-the-philippines
Mount Ratz,,British Columbia,Coast Mountains,3090.0,2430.0,,57.393,-132.3031,list-of-ultras-of-north-america
Nevado Sajama,Nevado Sajama,,,6542.0,2428.0,4094.0,,,list-of-ultras-of-south-america
Mount Pangrango,Mount Pangrango,Java,,3019.0,2426.0,593.0,,,list-of-ultras-of-the-malay-archipelago
Grossglockner,Grossglockner,,,3798.0,2423.0,1375.0,,,list-of-european-ultra-prominent-peaks
Großglockner,Großglockner,,,3798.0,2423.0,,,,list-of-european-ultra-prominent-peaks
Roque de los Muchachos,Roque de los Muchachos,Canaries,,2423.0,2423.0,0.0,,,list-of-european-ultra-prominent-peaks
Mount Erciyes,Mount Erciyes,,Anatolia,3917.0,2419.0,1498.0,,,list-of-ultras-of-west-asia
Mount Odin (British Columbia),,British Columbia,Columbia Mountains,2971.0,2409.0,,50.5518,-118.1293,list-of-ultras-of-north-america
Mount Isto,,Alaska,Brooks Range,2735.89,2408.23,,69.2025,-143.802,list-of-ultras-of-north-america
Mount Catherine,Mount Catherine,,,2629.0,2404.0,225.0,,,list-of-ultras-of-africa;list-of-ultras-of-west-asia
Mount Monashee,,British Columbia,Columbia Mountains,3274.0,2404.0,,52.3853,-118.9399,list-of-ultras-of-north-america
Nun,Nun Kun,,,7135.0,2404.0,4731.0,,,list-of-ultras-of-the-himalayas
Cotopaxi,Cotopaxi,,,5896.0,2403.0,3493.0,,,list-of-ultras-of-south-america
Independence Peak,Independence Peak,,,6940.0,2402.0,4538.0,,,list-of-ultras-of-central-asia
Bazman,Bazman,,Eastern Iran,3503.0,2400.0,1103.0,,,list-of-ultras-of-west-asia
Mount Iliamna,,Alaska,Chigmit Mountains,3052.883,2397.562,,60.0321,-153.0915,list-of-ultras-of-north-america
Dhaulagiri II,Dhaulagiri II,,,7752.0,2397.0,5355.0,,,list-of-ultras-of-the-himalayas
Qurnat as Sawda',Qurnat as Sawda',,Lebanon,3088.0,2392.0,695.0,,,list-of-ultras-of-west-asia
Thabana Ntlenyana,Thabana Ntlenyana,,,3482.0,2390.0,1092.0,,,list-of-ultras-of-africa
Mount Olympus (Washington),,Washington,Olympic Mountains,2432.3,2389.027,,47.8013,-123.7108,list-of-ultras-of-north-america
Mount Taron,Mount Taron,,,2379.0,2379.0,0.0,,,list-of-ultras-of-oceania
Makalu,Makalu,/,,8485.0,2378.0,6107.0,,,list-of-ultras-of-the-himalayas
Galdhøpiggen,Galdhøpiggen,,,2469.0,2372.0,97.0,,,list-of-european-ultra-prominent-peaks
Mount Columbia (Canada),,Alberta,Canadian Rockies,3741.0,2371.0,,52.1473,-117.4416,list-of-ultras-of-north-america
Poco Mandasawu,Poco Mandasawu,Flores,,2370.0,2370.0,0.0,,,list-of-ultras-of-the-malay-archipelago
Kertau,Kertau,,,3282.0,2365.0,917.0,,,list-of-ultras-of-central-asia
Mount Karthala,Mount Karthala,Grande Comore,,2361.0,2361.0,0.0,,,list-of-ultras-of-africa
Gerlachovský štít,Gerlachovský štít,,,2655.0,2356.0,300.0,,,list-of-european-ultra-prominent-peaks
Mount Queen Bess,,British Columbia,Coast Mountains,3298.0,2355.0,,51.2714,-124.5682,list-of-ultras-of-north-america
Mount Miller,Mount Miller (Ross Dependency),,,4160.0,2354.0,1806.0,,,list-of-ultras-of-antarctica
Jargalant Hairhan,Jargalant Hairhan,,,3796.0,2353.0,1443.0,,,list-of-ultras-of-central-asia
Mount Kazbek,Mount Kazbek,/,Greater Caucasus,5034.0,2353.0,2681.0,,,list-of-european-ultra-prominent-peaks;list-of-ultras-of-west-asia
Mount Olympus,Mount Olympus,,,2917.0,2353.0,564.0,,,list-of-european-ultra-prominent-peaks
Yangra,Yangra,,,7422.0,2352.0,5070.0,,,list-of-ultras-of-the-himalayas
Mount Pico,Mount Pico,Azores,,2351.0,2351.0,0.0,,,list-of-european-ultra-prominent-peaks
Mount Cook (Saint Elias Mountains),,Alaska,Saint Elias Mountains,4194.057,2350.013,,60.1816,-139.9811,list-of-ultras-of-north-america
Mount Hood,,Oregon,Cascade Range,3428.8,2348.793,,45.3735,-121.6959,list-of-ultras-of-north-america
Llullaillaco,Llullaillaco,&nbsp;/&nbsp;,,6739.0,2344.0,4395.0,,,list-of-ultras-of-south-america
Taygetus,Taygetus,,,2404.0,2344.0,60.0,,,list-of-european-ultra-prominent-peaks
Mount Sanford (Alaska),,Alaska,Wrangell Mountains,4949.047,2343.002,,62.2132,-144.1292,list-of-ultras-of-north-america
Khüiten Peak,Khüiten Peak,&nbsp;/&nbsp;,,4374.0,2342.0,2023.0,,,list-of-ultras-of-central-asia
Cho Oyu,Cho Oyu,/,,8188.0,2340.0,5848.0,,,list-of-ultras-of-the-himalayas
Vulkan Alaid,Atlasov Island,Atlasov Island,,2339.0,2339.0,0.0,,,list-of-ultras-of-northeast-asia
Monte Roraima,Monte Roraima,/  /,,2810.0,2338.0,472.0,,,list-of-ultras-of-south-america
Ledyanaya,Ledyanaya,,,2453.0,2337.0,116.0,,,list-of-ultras-of-northeast-asia
Demirkazik Tepe,Demirkazık Peak,,Taurus Mountains,3756.0,2336.0,1420.0,,,list-of-ultras-of-west-asia
Mount Popomanaseu,Mount Popomanaseu,,,2335.0,2335.0,0.0,,,list-of-ultras-of-oceania
Mount Ulawun,Mount Ulawun,,,2334.0,2334.0,0.0,,,list-of-ultras-of-oceania
Mount Tom White,,Alaska,Chugach Mountains,3411.024,2328.981,,60.6518,-143.6972,list-of-ultras-of-north-america
Mount Tahat,Mount Tahat,,,2908.0,2328.0,580.0,,,list-of-ultras-of-africa
Mount Lister,Mount Lister,,,4025.0,2325.0,1700.0,,,list-of-ultras-of-antarctica
Mount Ophir,Mount Ophir (Sumatra),Sumatra,,2912.0,2324.0,588.0,,,list-of-ultras-of-the-malay-archipelago
Mount Cooper (British Columbia),,British Columbia,Columbia Mountains,3094.0,2319.0,,50.1797,-117.1992,list-of-ultras-of-north-america
Mulanje Massif,Mulanje Massif,,,3002.0,2319.0,683.0,,,list-of-ultras-of-africa
Tekilik Shan,Tekilik Shan,,,5450.0,2316.0,3134.0,,,list-of-ultras-of-tibet-east-asia-and-neighbouring-areas
Mount Gaudry,Mount Gaudry,Adelaide Island,,2315.0,2315.0,0.0,,,list-of-ultras-of-antarctica
Farallones de Cali,Farallones de Cali,,,4050.0,2309.0,1741.0,,,list-of-ultras-of-south-america
Mount Taranaki,Mount Taranaki,,,2518.0,2308.0,210.0,,,list-of-ultras-of-oceania
Mount Hotaka,"Mount Hotaka (Nagano, Gifu)",Honshū,,3190.0,2307.0,883.0,,,list-of-ultra-prominent-peaks-of-japan
Wheeler Peak (Nevada),,Nevada,Snake Range,3982.3,2306.731,,38.9858,-114.3139,list-of-ultras-of-north-america
Saser Kangri,Saser Kangri,"Ladakh,",,7672.0,2304.0,5368.0,,,list-of-ultras-of-the-karakoram-and-hindu-kush
Pik Sat,Pik Sat,,,5900.0,2302.0,3598.0,,,list-of-ultras-of-central-asia
Sikaram Sar,Sikaram Sar,&nbsp;/&nbsp;,,4755.0,2295.0,2460.0,,,list-of-ultras-of-the-karakoram-and-hindu-kush
Mount Ulysses,,British Columbia,Muskwa Ranges,3024.0,2294.0,,57.3464,-124.0928,list-of-ultras-of-north-america
Glacier Peak,,Washington,Cascade Range,3214.09,2291.491,,48.1125,-121.1138,list-of-ultras-of-north-america
Asahidake,Asahidake,Hokkaidō,,2290.0,2290.0,0.0,,,list-of-ultra-prominent-peaks-of-japan
Mount Malindang,Mount Malindang,Mindanao,,2404.0,2290.0,114.0,,,list-of-ultras-of-the-philippines
Marahuaca,Cerro Marahuaca,,,2832.0,2289.0,543.0,,,list-of-ultras-of-south-america
Mount Kabangama,Mount Kabangama,,,4104.0,2284.0,1820.0,,,list-of-ultras-of-oceania
Cerro Nevado,Cerro Nevado,,,3810.0,2281.0,1529.0,,,list-of-ultras-of-south-america
Farallones de Citara,Farallones del Citará,,,4050.0,2280.0,1770.0,,,list-of-ultras-of-south-america
Finsteraarhorn,Finsteraarhorn,,,4274.0,2280.0,1994.0,,,list-of-european-ultra-prominent-peaks
Gora Kurumdy,Gora Kurumdy,&nbsp;/&nbsp;/&nbsp;,,6614.0,2278.0,4336.0,,,list-of-ultras-of-central-asia
Beerenberg,Beerenberg,Jan Mayen,,2277.0,2277.0,0.0,,,list-of-european-ultra-prominent-peaks
Haramosh Peak,Haramosh Peak,",",,7397.0,2277.0,5120.0,,,list-of-ultras-of-the-karakoram-and-hindu-kush
Kaçkar Dağı,Kaçkar Dağı,,Pontic Mountains,3932.0,2272.0,1660.0,,,list-of-ultras-of-west-asia
Melimoyu,Melimoyu,,,2440.0,2272.0,168.0,,,list-of-ultras-of-south-america
Shir Kuh,Shir Kuh,,Iranian plateau,4050.0,2271.0,1779.0,,,list-of-ultras-of-west-asia
Dashennongjia,Dashennongjia,,,3100.0,2270.0,830.0,,,list-of-ultras-of-tibet-east-asia-and-neighbouring-areas
Chimtarga,Chimtarga,,,5490.0,2266.0,3224.0,,,list-of-ultras-of-central-asia
Mount Kimball (Alaska),,Alaska,Alaska Range,3154.686,2263.145,,63.239,-144.6419,list-of-ultras-of-north-america
Wildspitze,Wildspitze,,,3768.0,2261.0,,,,list-of-european-ultra-prominent-peaks
Otgontenger,Otgontenger,,,4000.0,2259.0,1741.0,,,list-of-ultras-of-central-asia
Bulu Kandela,Bulu Kandela,Sulawesi,,2870.0,2258.0,612.0,,,list-of-ultras-of-the-malay-archipelago
Blue Mountain Peak,,,Island of Jamaica,2256.0,2256.0,,18.0465,-76.5788,list-of-ultras-of-north-america
Doddabetta,Doddabetta,,,2636.0,2256.0,380.0,,,list-of-ultras-of-tibet-east-asia-and-neighbouring-areas
Wedge Mountain,,British Columbia,Coast Mountains,2892.0,2249.0,,50.133,-122.7933,list-of-ultras-of-north-america
Calima,Cerro Calima,,,3840.0,2242.0,1598.0,,,list-of-ultras-of-south-america
Mount Hope,Mount Hope (Palmer Land),,,3239.0,2242.0,997.0,,,list-of-ultras-of-antarctica
Otter Mountain,,British Columbia,Coast Mountains,2692.0,2242.0,,56.0066,-129.6928,list-of-ultras-of-north-america
Mont Orohena,Mont Orohena,,,2241.0,2241.0,0.0,,,list-of-ultras-of-oceania
Karun Kuh,Karun Kuh,",",,6977.0,2240.0,4737.0,,,list-of-ultras-of-the-karakoram-and-hindu-kush
Mount Kita,Mount Kita,Honshū,,3192.0,2239.0,953.0,,,list-of-ultra-prominent-peaks-of-japan
Nyainqentanglha Feng,Nyainqentanglha Feng,,,7162.0,2239.0,4923.0,,,list-of-ultras-of-tibet-east-asia-and-neighbouring-areas
Point 2390,Point 2390,,,2390.0,2239.0,151.0,,,list-of-ultras-of-south-america
Piz Bernina,Piz Bernina,,,4048.0,2236.0,,,,list-of-european-ultra-prominent-peaks
Kawagebo,Kawagebo,,,6740.0,2232.0,4508.0,,,list-of-ultras-of-tibet-east-asia-and-neighbouring-areas
Mount Taibai,Mount Taibai,,,3750.0,2232.0,1518.0,,,list-of-ultras-of-tibet-east-asia-and-neighbouring-areas
Kangze Gyai,Kangze Gyai,,,5808.0,2231.0,3577.0,,,list-of-ultras-of-tibet-east-asia-and-neighbouring-areas
Semenov-Tian-Shansky Peak,Semenov-Tian-Shansky Peak,,,4895.0,2231.0,2664.0,,,list-of-ultras-of-central-asia
Pik BAM,Pik BAM,,,3072.0,2230.0,842.0,,,list-of-ultras-of-northeast-asia
Domuyo,Domuyo,,,4708.0,2228.0,2480.0,,,list-of-ultras-of-south-america
Monte Zeballos,Monte Zeballos,,,2700.0,2228.0,472.0,,,list-of-ultras-of-south-america
Mount Kosciuszko,Mount Kosciuszko,,,2228.0,2228.0,0.0,,,list-of-ultras-of-oceania
Mount Griggs,,Alaska,Alaska Peninsula,2331.725,2225.044,,58.3534,-155.0958,list-of-ultras-of-north-america
Ch'ok'e,Mount Choqa,,,4100.0,2225.0,1875.0,,,list-of-ultras-of-africa
Kwatna Peak,,British Columbia,Coast Mountains,2290.0,2225.0,,52.0706,-126.963,list-of-ultras-of-north-america
Nevado de Toluca,,,Cordillera Neovolcanica,4690.0,2225.0,,19.102,-99.7677,list-of-ultras-of-north-america
Huatou Jian,Huatou Jian,,,4750.0,2223.0,2527.0,,,list-of-ultras-of-tibet-east-asia-and-neighbouring-areas
Shikar Beh,Shikar Beh,,,6200.0,2223.0,3977.0,,,list-of-ultras-of-the-himalayas
Mount Mekongga,Mount Mekongga,Sulawesi,,2650.0,2220.0,430.0,,,list-of-ultras-of-the-malay-archipelago
Mount Kobowre,Mount Kobowre,New Guinea,,3750.0,2217.0,1533.0,,,list-of-ultras-of-oceania;list-of-ultras-of-the-malay-archipelago
Sepu Kangri,Sepu Kangri,,,6956.0,2213.0,4743.0,,,list-of-ultras-of-tibet-east-asia-and-neighbouring-areas
Outlook Peak,,Nunavut,Axel Heiberg Island,2210.0,2210.0,,79.7397,-91.4061,list-of-ultras-of-north-america
Zhupanovsky,Zhupanovsky,,,2923.0,2210.0,713.0,,,list-of-ultras-of-northeast-asia
Mount Foraker,,Alaska,Alaska Range,5303.531,2209.804,,62.9604,-151.3998,list-of-ultras-of-north-america
Argun,Argun (mountain),,,3418.0,2208.0,1210.0,,,list-of-ultras-of-africa
Cerro Champaqui,Sierras de Córdoba,,,2770.0,2208.0,562.0,,,list-of-ultras-of-south-america
Coropuna,Coropuna,,,6425.0,2208.0,4197.0,,,list-of-ultras-of-south-america
Ngọc Linh,Ngọc Linh,,,2598.0,2208.0,390.0,,,list-of-ultras-of-southeast-asia
Cordillera de Ansilta,Cordillera de Ansilta,,,5887.0,2205.0,3682.0,,,list-of-ultras-of-south-america
Cerro Paine Grande,Cerro Paine Grande,,,2884.0,2197.0,687.0,,,list-of-ultras-of-south-america
Golden Hinde (mountain),,British Columbia,Vancouver Island,2197.0,2197.0,,49.6627,-125.747,list-of-ultras-of-north-america
Kangto,Kangto,&nbsp;/&nbsp;,,7060.0,2195.0,4865.0,,,list-of-ultras-of-the-himalayas
White Mountain Peak,,California,White Mountains,4344.0,2193.345,,37.6341,-118.2557,list-of-ultras-of-north-america
Malubiting,Malubiting,",",,7453.0,2193.0,5260.0,,,list-of-ultras-of-the-karakoram-and-hindu-kush
Mount Tūtoko,Mount Tūtoko,,,2723.0,2191.0,532.0,,,list-of-ultras-of-oceania
Ostry Tolbachik,Tolbachik,,,3672.0,2190.0,1482.0,,,list-of-ultras-of-northeast-asia
Mount Süphan,Mount Süphan,,Armenian Highlands,4058.0,2189.0,1869.0,,,list-of-ultras-of-west-asia
Mount Crillon,,Alaska,Saint Elias Mountains,3878.893,2187.249,,58.6625,-137.1712,list-of-ultras-of-north-america
Hochkönig,Hochkönig,,,2941.0,2181.0,,,,list-of-european-ultra-prominent-peaks
Pintado,Cerro Pintado,&nbsp;/&nbsp;,,3660.0,2181.0,140.0,,,list-of-ultras-of-south-america
Stauning Alper,,,Island of Greenland,2831.0,2181.0,,72.1167,-24.9,list-of-ultras-of-north-america
Cerro Teotepec,,Guerrero,Sierra Madre del Sur,3550.0,2180.0,,17.4682,-100.1364,list-of-ultras-of-north-america
Scud Peak,,British Columbia,Coast Mountains,2987.0,2172.0,,57.2412,-131.1676,list-of-ultras-of-north-america
Korab,Mount Korab,&nbsp;/&nbsp;,,2764.0,2169.0,595.0,,,list-of-european-ultra-prominent-peaks
Nevado de Chañi,Nevado de Chañi,,,5930.0,2166.0,3764.0,,,list-of-ultras-of-south-america
Aucanquilcha,Aucanquilcha,,,6176.0,2165.0,4011.0,,,list-of-ultras-of-south-america
Dufourspitze,Dufourspitze,/,,4634.0,2165.0,,,,list-of-european-ultra-prominent-peaks
Mauna Loa,,,,4169.368,2163.78,19.4756,19.4756,-155.6054,list-of-ultras-of-oceania
Keele Peak,,Yukon,Mackenzie Mountains,2952.0,2161.0,,63.4314,-130.3243,list-of-ultras-of-north-america
Saltoro Kangri,Saltoro Kangri,,,7742.0,2160.0,5582.0,,,list-of-ultras-of-the-karakoram-and-hindu-kush
Cloud Peak,,Wyoming,Bighorn Mountains,4013.3,2157.074,,44.3821,-107.1739,list-of-ultras-of-north-america
Gannett Peak,,Wyoming,Wind River Range,4209.1,2156.769,,43.1842,-109.6542,list-of-ultras-of-north-america
Gasherbrum I,Gasherbrum I,&nbsp;/&nbsp;;,,8080.0,2155.0,5925.0,,,list-of-ultras-of-the-karakoram-and-hindu-kush
Razorback Mountain (British Columbia),,British Columbia,Coast Mountains,3183.0,2153.0,,51.5905,-124.6912,list-of-ultras-of-north-america
Mount Vsevidof,,Alaska,Umnak Island,2149.149,2149.149,,53.1256,-168.6938,list-of-ultras-of-north-america
Nat Ma Taung,Nat Ma Taung,,,3070.0,2148.0,922.0,,,list-of-ultras-of-southeast-asia
Kangju Kangri,Kangju Kangri,,,6725.0,2147.0,4578.0,,,list-of-ultras-of-tibet-east-asia-and-neighbouring-areas
Nevado el Cachi,Nevado el Cachi,,,6380.0,2146.0,4234.0,,,list-of-ultras-of-south-america
Monte Pissis,Monte Pissis,,,6795.0,2145.0,4650.0,,,list-of-ultras-of-south-america
Noijin Kangsang,Noijin Kangsang,,,7191.0,2145.0,5046.0,,,list-of-ultras-of-the-himalayas
Tebulosmta,Tebulosmta,/,Greater Caucasus,4493.0,2145.0,2348.0,,,list-of-european-ultra-prominent-peaks;list-of-ultras-of-west-asia
Mount Aragats,Mount Aragats,,Lesser Caucasus,4090.0,2143.0,1947.0,,,list-of-ultras-of-west-asia
Tanete Gandangdewata,Tanete Gandangdewata,Sulawesi,,3074.0,2141.0,933.0,,,list-of-ultras-of-the-malay-archipelago
Cerro el Nacimiento,,Oaxaca,Sierra Madre del Sur,3710.0,2140.0,,16.2115,-96.1967,list-of-ultras-of-north-america
Mount Tahan,Mount Tahan,,,2187.0,2140.0,46.0,,,list-of-ultras-of-southeast-asia
Hoher Dachstein,Hoher Dachstein,,,2995.0,2136.0,,,,list-of-european-ultra-prominent-peaks
Mount Takahe,Mount Takahe,,,3460.0,2134.0,1316.0,,,list-of-ultras-of-antarctica
Ghamubar Zom,Ghamubar Zom,,,6518.0,2133.0,4385.0,,,list-of-ultras-of-the-karakoram-and-hindu-kush
Aj Bogd,Aj Bogd,,,3802.0,2132.0,1670.0,,,list-of-ultras-of-central-asia
Marmolada,Marmolada,,,3343.0,2131.0,,,,list-of-european-ultra-prominent-peaks
Mount Liman,Mount Liman,Java,,2563.0,2131.0,432.0,,,list-of-ultras-of-the-malay-archipelago
Mount Hesperus (Alaska),,Alaska,Alaska Range,2995.58,2126.899,,61.8036,-154.1469,list-of-ultras-of-north-america
Picacho del Diablo,,Baja California,Sierra de San Pedro Mártir,3095.0,2125.0,,30.9925,-115.3753,list-of-ultras-of-north-america
Mount Farnham,,British Columbia,Columbia Mountains,3493.0,2123.0,,50.4888,-116.4871,list-of-ultras-of-north-america
Kimhandu Hill,Kimhandu Hill,,,2653.0,2121.0,532.0,,,list-of-ultras-of-africa
Kinyeti,Kinyeti,,,3187.0,2120.0,1067.0,,,list-of-ultras-of-africa
Mount Madja-as,Mount Madja-as,Panay,,2117.0,2117.0,0.0,,,list-of-ultras-of-the-philippines
Mount Marapi,Mount Marapi,Sumatra,,2891.0,2116.0,775.0,,,list-of-ultras-of-the-malay-archipelago
Majadita,Majadita,,,6280.0,2113.0,4167.0,,,list-of-ultras-of-south-america
Buku Sibela,Buku Sibela,Bacan,,2111.0,2111.0,0.0,,,list-of-ultras-of-the-malay-archipelago
Koh-i-Baba,Koh-i-Baba,,,5048.0,2111.0,2937.0,,,list-of-ultras-of-the-karakoram-and-hindu-kush
Hvannadalshnúkur,Hvannadalshnúkur,,,2110.0,2110.0,0.0,,,list-of-european-ultra-prominent-peaks
Muisky Gigant,Muisky Gigant,,,3067.0,2107.0,960.0,,,list-of-ultras-of-northeast-asia
Marmolejo,Marmolejo,&nbsp;/&nbsp;,,6108.0,2105.0,4003.0,,,list-of-ultras-of-south-america
Mount Foster,Mount Foster,Smith Island,,2105.0,2105.0,0.0,,,list-of-ultras-of-antarctica
Palup Qaqa,,,Island of Palup Qaqa,2105.0,2105.0,,71.3333,-52.8167,list-of-ultras-of-north-america
Mount Bona,,Alaska,Saint Elias Mountains,5044.45,2103.124,,61.3856,-141.7495,list-of-ultras-of-north-america
Mount Cikuray,Mount Cikuray,Java,,2820.0,2103.0,717.0,,,list-of-ultras-of-the-malay-archipelago
Mount Markham,Mount Markham,,,4350.0,2103.0,2247.0,,,list-of-ultras-of-antarctica
Parângu Mare,Parângu Mare,,,2519.0,2103.0,416.0,,,list-of-european-ultra-prominent-peaks
Kuh-e Shab,Kuh-e Shab,,Zagros Mountains,2681.0,2100.0,581.0,,,list-of-ultras-of-west-asia
Oscar Peak,,British Columbia,Coast Mountains,2336.0,2099.0,,54.9289,-129.0594,list-of-ultras-of-north-america
Helan Mountains,Helan Mountains,,,3540.0,2098.0,1442.0,,,list-of-ultras-of-tibet-east-asia-and-neighbouring-areas
Pik Skalisty,Pik Skalisty (Kyrgyzstan),,,5621.0,2095.0,3526.0,,,list-of-ultras-of-central-asia
Zard Kuh,Zard Kuh,,Zagros Mountains,4221.0,2095.0,2105.0,,,list-of-ultras-of-west-asia
Lamo-She,Lamo-She,,,6070.0,2093.0,3977.0,,,list-of-ultras-of-tibet-east-asia-and-neighbouring-areas
Parbati Parbat,Parbati Parbat,,,6633.0,2093.0,4540.0,,,list-of-ultras-of-the-himalayas
Cerro Castillo,Cerro Castillo,,,2675.0,2088.0,587.0,,,list-of-ultras-of-south-america
Pic Macaya,,,Island of Hispaniola,2347.0,2087.0,,18.3822,-74.0243,list-of-ultras-of-north-america
Ausangate,Ausangate,,,6372.0,2085.0,4287.0,,,list-of-ultras-of-south-america
Mount Mantalingajan,Mount Mantalingajan,Palawan,,2085.0,2085.0,0.0,,,list-of-ultras-of-the-philippines
Montaña de Santa Bárbara,,,Santa Bárbara,2744.0,2084.0,,14.9137,-88.1145,list-of-ultras-of-north-america
Barkol Shan,Barkol Shan,,,4300.0,2083.0,2217.0,,,list-of-ultras-of-central-asia
Mount Paraw,Mount Paraw,,Zagros Mountains,3390.0,2083.0,1322.0,,,list-of-ultras-of-west-asia
Kuh-e Fareghan,Kuh-e Fareghan,,Zagros Mountains,3240.0,2082.0,1158.0,,,list-of-ultras-of-west-asia
Mount Assiniboine,,Alberta,Canadian Rockies,3616.0,2082.0,,50.8696,-115.6509,list-of-ultras-of-north-america
Mount Satima,Mount Satima,,,4001.0,2081.0,1920.0,,,list-of-ultras-of-africa
Mount Jancowski,,British Columbia,Coast Mountains,2729.0,2079.0,,56.3372,-129.9817,list-of-ultras-of-north-america
Phou Bia,Phou Bia,,,2830.0,2079.0,751.0,,,list-of-ultras-of-southeast-asia
Chomolhari,Chomolhari,&nbsp;/&nbsp;,,7326.0,2077.0,5249.0,,,list-of-ultras-of-the-himalayas
Cayambe,Cayambe (volcano),,,5790.0,2075.0,3715.0,,,list-of-ultras-of-south-america
Dunheger,Dunheger,&nbsp;/&nbsp;,,3315.0,2075.0,1240.0,,,list-of-ultras-of-central-asia
Kuh-e Siah Khvani,Kuh-e Siah Khvani,,Alborz Mountains,3314.0,2074.0,1444.0,,,list-of-ultras-of-west-asia
El Altar,El Altar,,,5319.0,2072.0,3247.0,,,list-of-ultras-of-south-america
Cerro Pircas,Cerro Pircas,,,4380.0,2070.0,2310.0,,,list-of-ultras-of-south-america
Cordillera Vilcabamba,Cordillera Vilcabamba,,,4150.0,2070.0,2080.0,,,list-of-ultras-of-south-america
Opala,Opala volcano,,,2460.0,2070.0,390.0,,,list-of-ultras-of-northeast-asia
Cerro Las Minas,,,Sierra de las Nubes,2849.0,2069.0,,14.534,-88.6804,list-of-ultras-of-north-america
Pedra da Mina,Pedra da Mina,,,2798.0,2068.0,730.0,,,list-of-ultras-of-south-america
Cerro Macá,Cerro Macá,,,2300.0,2066.0,234.0,,,list-of-ultras-of-south-america
Monte Viso,Monte Viso,,,3841.0,2062.0,,,,list-of-european-ultra-prominent-peaks
Queen Mary's Peak,Queen Mary's Peak,Tristan da Cunha,,2062.0,2062.0,0.0,,,list-of-ultras-of-antarctica
Amba Farit,Amba Ferit,,,4270.0,2061.0,2209.0,,,list-of-ultras-of-africa
Chamar,Chamar (mountain),,,7165.0,2061.0,5104.0,,,list-of-ultras-of-the-himalayas
Mount Drum,,Alaska,Wrangell Mountains,3660.655,2060.452,,62.1159,-144.6394,list-of-ultras-of-north-america
Sara Sara,Sara Sara,,,5505.0,2060.0,3445.0,,,list-of-ultras-of-south-america
Medetsiz Tepe,Medetsiz Mountain,,Taurus Mountains,3524.0,2058.0,1466.0,,,list-of-ultras-of-west-asia
Mount Paris,Mount Paris,Alexander Island,,2896.0,2058.0,838.0,,,list-of-ultras-of-antarctica
Mount Xuebaoding,Mount Xuebaoding,,,5588.0,2057.0,3531.0,,,list-of-ultras-of-tibet-east-asia-and-neighbouring-areas
Gladsheim Peak,,British Columbia,Columbia Mountains,2830.0,2056.0,,49.7867,-117.6272,list-of-ultras-of-north-america
Nakanai Mountains,Nakanai Mountains,,,2316.0,2056.0,260.0,,,list-of-ultras-of-oceania
Chư Yang Sin,Chư Yang Sin,,,2420.0,2055.0,365.0,,,list-of-ultras-of-southeast-asia
Mount Murphy,Mount Murphy,,,2705.0,2055.0,650.0,,,list-of-ultras-of-antarctica
Mount Tumpu,Mount Tumpu,Sulawesi,,2565.0,2054.0,511.0,,,list-of-ultras-of-the-malay-archipelago
Triglav,Triglav,,,2864.0,2052.0,,,,list-of-european-ultra-prominent-peaks
Milne Land,,,Island of Milne Land,2050.0,2050.0,,70.8194,-26.5956,list-of-ultras-of-north-america
Mount Guiting-Guiting,Mount Guiting-Guiting,Sibuyan,,2050.0,2050.0,0.0,,,list-of-ultras-of-the-philippines
Mount Hanang,Mount Hanang,,,3420.0,2050.0,1370.0,,,list-of-ultras-of-africa
Moldoveanu Peak,Moldoveanu Peak,,,2544.0,2046.0,498.0,,,list-of-european-ultra-prominent-peaks
Barre des Écrins,Barre des Écrins,,,4102.0,2045.0,,,,list-of-european-ultra-prominent-peaks
Mount Dawson (Canada),,British Columbia,Columbia Mountains,3377.0,2045.0,,51.1516,-117.4206,list-of-ultras-of-north-america
Payers Tinde,,,Island of Greenland,2320.0,2045.0,,73.1333,-26.3667,list-of-ultras-of-north-america
Beitstad Peak,,Nunavut,Ellesmere Island,2347.0,2044.0,,78.8007,-79.5292,list-of-ultras-of-north-america
Daxue Mountain,Daxue Mountain,,,3500.0,2041.0,1459.0,,,list-of-ultras-of-southeast-asia
Api,Api (mountain),,,7132.0,2040.0,5092.0,,,list-of-ultras-of-the-himalayas
Loolmalassin,Mount Loolmalasin,,,3682.0,2040.0,1642.0,,,list-of-ultras-of-africa
Monte Sarmiento,Monte Sarmiento,Tierra del Fuego,,2187.0,2040.0,147.0,,,list-of-ultras-of-south-america
Lefka Ori,Lefka Ori,Crete,,2453.0,2038.0,415.0,,,list-of-european-ultra-prominent-peaks
Jezercë,Jezercë,,,2694.0,2036.0,658.0,,,list-of-european-ultra-prominent-peaks
Kuh-e Genu,Kuh-e Genu,,Zagros Mountains,2350.0,2035.0,315.0,,,list-of-ultras-of-west-asia
Nevado del Ruiz,Nevado del Ruiz,,,5300.0,2035.0,3265.0,,,list-of-ultras-of-south-america
Pauhunri,Pauhunri,&nbsp;/&nbsp;,,7128.0,2035.0,5093.0,,,list-of-ultras-of-the-himalayas
Mount Chiginagak,,Alaska,Aleutian Range,2110.744,2034.544,,57.1334,-156.9912,list-of-ultras-of-north-america
Mount Edith Cavell,,Alberta,Canadian Rockies,3363.0,2033.0,,52.6672,-118.0569,list-of-ultras-of-north-america
Sulamutag Feng,Sulamutag Feng,,,6245.0,2028.0,4217.0,,,list-of-ultras-of-tibet-east-asia-and-neighbouring-areas
Yerupajá,Yerupajá,,,6634.0,2028.0,4589.0,,,list-of-ultras-of-south-america
Serrania Guanay,Serrania Guanay,,,2392.0,2026.0,366.0,,,list-of-ultras-of-south-america
Alsek Peak,,Yukon,Saint Elias Mountains,2740.0,2025.0,,60.0325,-137.5915,list-of-ultras-of-north-america
Mount Mulu,Mount Mulu,Borneo,,2376.0,2024.0,352.0,,,list-of-ultras-of-the-malay-archipelago
Noshaq,Noshaq,&nbsp;/&nbsp;,,7492.0,2024.0,5468.0,,,list-of-ultras-of-the-karakoram-and-hindu-kush
Pico de São Tomé,Pico de São Tomé,São Tomé,,2024.0,2024.0,0.0,,,list-of-ultras-of-africa
Volcán San Pedro,San Pedro (Chile volcano),,,6145.0,2024.0,4121.0,,,list-of-ultras-of-south-america
Matebian,Matebian,,,2372.0,2022.0,350.0,,,list-of-ultras-of-the-malay-archipelago
Säntis,Säntis,,,2503.0,2021.0,,,,list-of-european-ultra-prominent-peaks
Tapuae-o-Uenuku,Tapuae-o-Uenuku,,,2884.0,2021.0,863.0,,,list-of-ultras-of-oceania
Bukit Raya,Bukit Raya,Borneo,,2300.0,2018.0,282.0,,,list-of-ultras-of-the-malay-archipelago
Kawarani,Kawarani,,,5992.0,2018.0,3974.0,,,list-of-ultras-of-tibet-east-asia-and-neighbouring-areas
Mount Tapulao,Mount Tapulao,Luzon,,2037.0,2015.0,22.0,,,list-of-ultras-of-the-philippines
Socompa,Socompa,&nbsp;/&nbsp;,,6051.0,2015.0,4036.0,,,list-of-ultras-of-south-america
Mount Valpy,,British Columbia,Coast Mountains,2219.0,2014.0,,54.275,-129.0564,list-of-ultras-of-north-america
Guge,Guge (mountain),,,3568.0,2013.0,1555.0,,,list-of-ultras-of-africa
Mount Athos,Mount Athos,,,2030.0,2012.0,18.0,,,list-of-european-ultra-prominent-peaks
Cordillera del Cóndor,Cordillera del Cóndor,,,2950.0,2011.0,939.0,,,list-of-ultras-of-south-america
Perserajoq,,,Island of Greenland,2259.0,2009.0,,71.4,-51.9667,list-of-ultras-of-north-america
Kuh-i Belandtarin,Kuh-i Belandtarin,,,6286.0,2008.0,4278.0,,,list-of-ultras-of-central-asia
Mount Gauttier,Mount Gauttier,New Guinea,,2230.0,2007.0,223.0,,,list-of-ultras-of-oceania;list-of-ultras-of-the-malay-archipelago
Dykh-Tau,Dykh-Tau,,Greater Caucasus,5205.0,2002.0,3203.0,,,list-of-european-ultra-prominent-peaks;list-of-ultras-of-west-asia
Ge'nyen,Ge'nyen Massif,,,6204.0,2000.0,4204.0,,,list-of-ultras-of-tibet-east-asia-and-neighbouring-areas
Hawkes Heights,Hawkes Heights,Coulman Island,,2000.0,2000.0,0.0,,,list-of-ultras-of-antarctica
Mount Cairnes,,Yukon,Saint Elias Mountains,2820.0,2000.0,,60.8683,-138.2764,list-of-ultras-of-north-america
Ampato,Ampato,,,6288.0,1997.0,4291.0,,,list-of-ultras-of-south-america
Yao Shan,Yao Shan,,,4050.0,1996.0,2054.0,,,list-of-ultras-of-tibet-east-asia-and-neighbouring-areas
Surukwat Kangri,Surukwat Kangri,,,6792.0,1995.0,4797.0,,,list-of-ultras-of-the-karakoram-and-hindu-kush
Grand Teton,,Wyoming,Teton Range,4198.7,1994.92,,43.7412,-110.8024,list-of-ultras-of-north-america
Mount Yong Belar,Mount Yong Belar,,,2180.0,1991.0,189.0,,,list-of-ultras-of-southeast-asia
Parinacota Volcano,Parinacota Volcano,&nbsp;/&nbsp;,,6342.0,1989.0,4353.0,,,list-of-ultras-of-south-america
Tordoki Yani,Tordoki Yani,,,2090.0,1989.0,101.0,,,list-of-ultras-of-northeast-asia
Oshtorankuh,Oshtorankuh,,Zagros Mountains,4139.0,1986.0,2153.0,,,list-of-ultras-of-west-asia
Mount Wondiwoi,Mount Wondiwoi,New Guinea,,2180.0,1985.0,195.0,,,list-of-ultras-of-oceania;list-of-ultras-of-the-malay-archipelago
Mount Ishizuchi,Mount Ishizuchi,Shikoku,,1982.0,1982.0,0.0,,,list-of-ultra-prominent-peaks-of-japan
Soviet Officers Peak,Soviet Officers Peak,,,6233.0,1982.0,4251.0,,,list-of-ultras-of-central-asia
Chatsquot Mountain,,British Columbia,Coast Mountains,2365.0,1981.0,,53.1422,-127.4773,list-of-ultras-of-north-america
Volcán de Agua,,,Escuintla,3761.0,1981.0,,14.4654,-90.7428,list-of-ultras-of-north-america
Ikh Bogd,Ikh Bogd,,,3957.0,1979.0,1978.0,,,list-of-ultras-of-central-asia
Saraghrar,Saraghrar,,,7340.0,1979.0,5370.0,,,list-of-ultras-of-the-karakoram-and-hindu-kush
Tope de Coroa,Tope de Coroa,Santo Antão,,1979.0,1979.0,0.0,,,list-of-ultras-of-africa
K12,K12 (mountain),,,7428.0,1978.0,5450.0,,,list-of-ultras-of-the-karakoram-and-hindu-kush
Reo Purgyil,Reo Purgyil,&nbsp;/&nbsp;,,6816.0,1978.0,4838.0,,,list-of-ultras-of-the-himalayas
Pico Turquino,,,Island of Cuba,1974.0,1974.0,,19.9898,-76.836,list-of-ultras-of-north-america
Buckwell Peak,,British Columbia,Saint Elias Mountains,2721.0,1971.0,,59.4188,-136.7653,list-of-ultras-of-north-america
Gunung Mutis,Mount Mutis,Timor,,2417.0,1970.0,447.0,,,list-of-ultras-of-the-malay-archipelago
Kambalny,Kambalny,,,2161.0,1970.0,191.0,,,list-of-ultras-of-northeast-asia
Kuh-e Palvar,Kuh-e Palvar,,Hazaran,4229.0,1970.0,2259.0,,,list-of-ultras-of-west-asia
Single Cone,The Remarkables,,,2319.0,1969.0,350.0,,,list-of-ultras-of-oceania
Kuh-e Nay Band,Kuh-e Nay Band,,Iranian plateau,2960.0,1968.0,992.0,,,list-of-ultras-of-west-asia
Khvoshkuh,Khvoshkuh,,Zagros Mountains,2650.0,1967.0,683.0,,,list-of-ultras-of-west-asia
Mount Murud,Mount Murud,Borneo,,2423.0,1967.0,456.0,,,list-of-ultras-of-the-malay-archipelago
Bey Daglari,Bey Daglari,,South West Anatolia,3070.0,1966.0,1104.0,,,list-of-ultras-of-west-asia
Mount Huanggang,Mount Huanggang,,,2170.0,1965.0,205.0,,,list-of-ultras-of-tibet-east-asia-and-neighbouring-areas
Sierra de Minas Viejas,,Nuevo León,Sierra Madre Oriental,2710.0,1965.0,,26.1196,-100.5568,list-of-ultras-of-north-america
Chachani,Chachani,,,6057.0,1963.0,4094.0,,,list-of-ultras-of-south-america
Patkhor Peak,Patkhor Peak,,,6083.0,1963.0,4120.0,,,list-of-ultras-of-central-asia
K6,K6 (mountain),",",,7282.0,1962.0,5320.0,,,list-of-ultras-of-the-karakoram-and-hindu-kush
Amne Machin,Amne Machin,,,6282.0,1960.0,4322.0,,,list-of-ultras-of-tibet-east-asia-and-neighbouring-areas
Cerro Las Conchas,,Michoacán,Michoacán,2890.0,1960.0,,18.7215,-102.974,list-of-ultras-of-north-america
Ancohuma,Ancohuma,,,6437.0,1957.0,4470.0,,,list-of-ultras-of-south-america
Antofalla,Antofalla,,,6440.0,1957.0,4483.0,,,list-of-ultras-of-south-america
Labuche Kang,Labuche Kang,,,7367.0,1957.0,5410.0,,,list-of-ultras-of-the-himalayas
Cerro Payún,Cerro Payún,,,3838.0,1954.0,1884.0,,,list-of-ultras-of-south-america
Ortler,Ortler,,,3905.0,1953.0,,,,list-of-european-ultra-prominent-peaks
Paramo Frontino,Paramo Frontino,,,3950.0,1953.0,1997.0,,,list-of-ultras-of-south-america
Mount Olympus,Mount Olympus (Cyprus),,Cyprus,1952.0,1952.0,0.0,,,list-of-ultras-of-west-asia
Monte Fitz Roy,Cerro Chaltén,&nbsp;/&nbsp;,,3405.0,1951.0,1454.0,,,list-of-ultras-of-south-america
Mount Isarog,Mount Isarog,Luzon,,2000.0,1951.0,49.0,,,list-of-ultras-of-the-philippines
Serra Imeri,Serra Imeri,,,2500.0,1951.0,549.0,,,list-of-ultras-of-south-america
Monte Baldo,Monte Baldo,,,2218.0,1950.0,,,,list-of-european-ultra-prominent-peaks
Mount Benum,Mount Benum,,,2107.0,1950.0,157.0,,,list-of-ultras-of-southeast-asia
Mount Irving,Mount Irving,Clarence Island,,1950.0,1950.0,0.0,,,list-of-ultras-of-antarctica
Mount Matutum,Mount Matutum,Mindanao,,2286.0,1950.0,336.0,,,list-of-ultras-of-the-philippines
Renland,,,Island of Greenland,2200.0,1950.0,,71.3333,-26.3333,list-of-ultras-of-north-america
Serra Tulu Tuloi,Serra Tulu Tuloi,,,2140.0,1950.0,190.0,,,list-of-ultras-of-south-america
Pico de las Nieves,Pico de las Nieves,Canaries,,1949.0,1949.0,0.0,,,list-of-european-ultra-prominent-peaks
Sangeang Api,Sangeang Api,Sangeang Api,,1949.0,1949.0,0.0,,,list-of-ultras-of-the-malay-archipelago
Sacajawea Peak (Oregon),,Oregon,Wallowa Mountains,3000.188,1948.59,,45.245,-117.2929,list-of-ultras-of-north-america
Hallasan,Hallasan,Jeju-do,,1947.0,1947.0,0.0,,,list-of-ultras-of-northeast-asia
Mount Kilkerran,Mount Kilkerran,|,,1947.0,1947.0,0.0,,,list-of-ultras-of-oceania
Palpana,Palpana,,,6040.0,1947.0,4093.0,,,list-of-ultras-of-south-america
Pico Maior de Friburgo,Pico Maior de Friburgo,,,2366.0,1947.0,419.0,,,list-of-ultras-of-south-america
Calbuco,Calbuco (volcano),,,2015.0,1946.0,69.0,,,list-of-ultras-of-south-america
Liushi Shan,Liushi Shan,,,7167.0,1946.0,5221.0,,,list-of-ultras-of-tibet-east-asia-and-neighbouring-areas
Toney Mountain,Toney Mountain,,,3595.0,1946.0,1649.0,,,list-of-ultras-of-antarctica
Cerro Steffen,Cerro Steffen,,,3300.0,1945.0,1355.0,,,list-of-ultras-of-south-america
Mount Priestley (British Columbia),,British Columbia,Coast Mountains,2366.0,1945.0,,55.2297,-128.8759,list-of-ultras-of-north-america
Angilaaq Mountain,,Nunavut,Bylot Island,1944.0,1944.0,,73.2298,-78.623,list-of-ultras-of-north-america
Kuh-e Hami,Kuh-e Hami,,Zagros Mountains,3190.0,1944.0,1246.0,,,list-of-ultras-of-west-asia
Mount Neacola,,Alaska,Aleutian Range,2873.051,1943.409,,60.7981,-153.3959,list-of-ultras-of-north-america
Ulugh Muztagh,Ulugh Muztagh,,,6973.0,1943.0,5030.0,,,list-of-ultras-of-tibet-east-asia-and-neighbouring-areas
Sunset Peak,Sunset Peak (Jammu and Kashmir),,,4745.0,1942.0,2803.0,,,list-of-ultras-of-the-himalayas
Lunpo Gangri,Lunpo Gangri,,,7095.0,1941.0,5154.0,,,list-of-ultras-of-tibet-east-asia-and-neighbouring-areas
Gora Radzhi-Bek,Gora Radzhi-Bek,,,5735.0,1940.0,3795.0,,,list-of-ultras-of-central-asia
''Mount Unnamed'',,Alexander Island,,2486.0,1939.0,547.0,,,list-of-ultras-of-antarctica
Kings Peak (Utah),,Utah,Uinta Mountains,4125.15,1937.922,,40.7763,-110.3729,list-of-ultras-of-north-america
Mount Miyanoura,Mount Miyanoura,Yakushima,,1936.0,1936.0,0.0,,,list-of-ultra-prominent-peaks-of-japan
Sosneado,Sosneado,,,5189.0,1936.0,3253.0,,,list-of-ultras-of-south-america
Point 5841,Point 5841,,,5841.0,1934.0,3907.0,,,list-of-ultras-of-tibet-east-asia-and-neighbouring-areas
Mount Graham,,Arizona,Pinaleño Mountains,3268.6,1932.436,,32.7017,-109.8714,list-of-ultras-of-north-america
Xueshan,Xueshan,,,3886.0,1932.0,1954.0,,,list-of-ultras-of-tibet-east-asia-and-neighbouring-areas
Torre de Cerredo,Torre de Cerredo,,,2648.0,1931.0,717.0,,,list-of-european-ultra-prominent-peaks
Gelai Peak,Gelai Volcano,,,2948.0,1930.0,1018.0,,,list-of-ultras-of-africa
Phu Luong,Phu Luong (mountain),,,2985.0,1930.0,1055.0,,,list-of-ultras-of-southeast-asia
Mus-Khaya,Mus-Khaya,,,2959.0,1929.0,1030.0,,,list-of-ultras-of-northeast-asia
Mount Murchison,Mount Murchison (Victoria Land),,,3501.0,1927.0,1574.0,,,list-of-ultras-of-antarctica
Aleke Tag,Aleke Tag,,,6065.0,1923.0,4142.0,,,list-of-ultras-of-tibet-east-asia-and-neighbouring-areas
Bukadaban Feng,Bukadaban Feng,,,6860.0,1922.0,4938.0,,,list-of-ultras-of-tibet-east-asia-and-neighbouring-areas
Mount Hasan,Mount Hasan,,Anatolia,3268.0,1922.0,1346.0,,,list-of-ultras-of-west-asia
Nanfengmian,Nanfengmian,,,2140.0,1921.0,219.0,,,list-of-ultras-of-tibet-east-asia-and-neighbouring-areas
Devon Ice Cap,,Nunavut,Devon Island,1920.244,1920.244,,75.3429,-82.6186,list-of-ultras-of-north-america
Mount Douglas (Alaska),,Alaska,Alaska Peninsula,2148.844,1920.244,,58.8598,-153.5353,list-of-ultras-of-north-america
Khuvkhoitun,Khuvkhoitun,,,2616.0,1920.0,696.0,,,list-of-ultras-of-northeast-asia
La Malintzin,,Puebla,Cordillera Neovolcanica,4430.0,1920.0,,19.231,-98.0321,list-of-ultras-of-north-america
Nemjung,Nemjung,,,7140.0,1920.0,5220.0,,,list-of-ultras-of-the-himalayas
Pico La Laguna,,Baja California Sur,Sierra La Laguna,2090.0,1920.0,,23.5392,-109.9542,list-of-ultras-of-north-america
Ramlo,Ramlo,,,2248.0,1920.0,328.0,,,list-of-ultras-of-africa
Sahuasiray,Sahuasiray,,,5818.0,1920.0,3898.0,,,list-of-ultras-of-south-america
Sicha Xuefeng,Sicha Xuefeng,,,6748.0,1920.0,4828.0,,,list-of-ultras-of-tibet-east-asia-and-neighbouring-areas
Mount Banahaw,Mount Banahaw,Luzon,,2170.0,1919.0,251.0,,,list-of-ultras-of-the-philippines
The Crown,The Crown (mountain),,,7295.0,1919.0,5376.0,,,list-of-ultras-of-the-karakoram-and-hindu-kush
Cerro Malcante,Cerro Malcante,,,5100.0,1917.0,3183.0,,,list-of-ultras-of-south-america
Mount Goodsir,,British Columbia,Canadian Rockies,3567.0,1917.0,,51.2021,-116.3975,list-of-ultras-of-north-america
Mount Aka,Mount Aka (Yatsugatake),Honshū,,2899.0,1916.0,883.0,,,list-of-ultra-prominent-peaks-of-japan
Taikan Range,Taikan Range,,,2370.0,1915.0,455.0,,,list-of-ultras-of-northeast-asia
Hkaru Bum,Hkaru Bum,,,3677.0,1914.0,1763.0,,,list-of-ultras-of-tibet-east-asia-and-neighbouring-areas
Shakangshan,Shakangshan,,,6822.0,1914.0,4908.0,,,list-of-ultras-of-tibet-east-asia-and-neighbouring-areas
Sharks Teeth Peaks,,British Columbia,Coast Mountains,2304.0,1914.0,,53.0071,-127.24,list-of-ultras-of-north-america
Miranjani,Miranjani,,,2981.0,1911.0,1070.0,,,list-of-ultras-of-the-himalayas
Cerro del Toro,Cerro del Toro,&nbsp;/&nbsp;,,6168.0,1910.0,4258.0,,,list-of-ultras-of-south-america
Gya,Mount Gya,&nbsp;/&nbsp;,,6794.0,1910.0,4884.0,,,list-of-ultras-of-the-himalayas
Mount Abuna Yosef,Mount Abuna Yosef,,,4260.0,1909.0,2351.0,,,list-of-ultras-of-africa
Detour Peak,,British Columbia,Saint Elias Mountains,2550.0,1906.0,,59.8424,-137.5856,list-of-ultras-of-north-america
Dalyandun Range,Dalyandun Range,,,4041.0,1905.0,2136.0,,,list-of-ultras-of-tibet-east-asia-and-neighbouring-areas
Sierra la Madera,,Coahuila,Mexican Plateau,3030.0,1905.0,,27.0345,-102.3922,list-of-ultras-of-north-america
M'Goun,M'Goun,,,4071.0,1904.0,2167.0,,,list-of-ultras-of-africa
Pyramiden (Greenland),,,Disko Island,1904.0,1904.0,,70.1195,-53.389,list-of-ultras-of-north-america
Mount San Antonio,,California,San Gabriel Mountains,3068.727,1903.175,,34.2891,-117.6463,list-of-ultras-of-north-america
Tidirhine,Tidirhine,,,2456.0,1901.0,555.0,,,list-of-ultras-of-africa
Kichatna Spire,,Alaska,Alaska Range,2738.633,1900.432,,62.4231,-152.7231,list-of-ultras-of-north-america
De Long Peak,,Alaska,Chugach Mountains,2464.008,1900.127,,60.8299,-145.1335,list-of-ultras-of-north-america
Angelin Bjerg,,,Ymer Island,1900.0,1900.0,,73.1667,-24.3167,list-of-ultras-of-north-america
Bon Irau,Bon Irau,New Guinea,,2500.0,1900.0,600.0,,,list-of-ultras-of-oceania;list-of-ultras-of-the-malay-archipelago
Cerro Arenales,Cerro Arenales,,,3437.0,1900.0,1537.0,,,list-of-ultras-of-south-america
Cerro la Joya,,Querétaro,Sierra Madre Oriental,2950.0,1900.0,,21.4309,-99.1326,list-of-ultras-of-north-america
Osorno,Osorno (volcano),,,2661.0,1898.0,763.0,,,list-of-ultras-of-south-america
Pular,Pular (volcano),,,6233.0,1898.0,4335.0,,,list-of-ultras-of-south-america
Irazú Volcano,,,"Cordillera Central, Costa Rica",3432.0,1897.0,,9.9764,-83.8534,list-of-ultras-of-north-america
Mount Haku,Mount Haku,Honshū,,2702.0,1897.0,805.0,,,list-of-ultra-prominent-peaks-of-japan
Mount Piora,Mount Piora,,,3557.0,1897.0,1660.0,,,list-of-ultras-of-oceania
Baintha Brakk,Baintha Brakk,,,7285.0,1891.0,5394.0,,,list-of-ultras-of-the-karakoram-and-hindu-kush
Gran Paradiso,Gran Paradiso,,,4061.0,1891.0,,,,list-of-european-ultra-prominent-peaks
Mount Chōkai,Mount Chōkai,Honshū,,2236.0,1891.0,345.0,,,list-of-ultra-prominent-peaks-of-japan
Mount Bosavi,Mount Bosavi,,,2507.0,1887.0,620.0,,,list-of-ultras-of-oceania
Telescope Peak,,California,Panamint Range,3366.0,1886.106,,36.1698,-117.0892,list-of-ultras-of-north-america
Monte Balmaceda,Monte Balmaceda,,,2035.0,1885.0,150.0,,,list-of-ultras-of-south-america
Traill Island,,,Traill Island,1884.0,1884.0,,72.7167,-24.0667,list-of-ultras-of-north-america
Mount Peale,,Utah,La Sal Mountains,3879.0,1883.973,,38.4385,-109.2292,list-of-ultras-of-north-america
Pogromni Volcano,,Alaska,Unimak Island,1990.653,1883.973,,54.5705,-164.6926,list-of-ultras-of-north-america
Mount Karoma,Mount Karoma,,,3623.0,1883.0,1740.0,,,list-of-ultras-of-oceania
Kuh-e Shahvar,Kuh-e Shahvar,,Alborz Mountains,3890.0,1881.0,2009.0,,,list-of-ultras-of-west-asia
Pegunungan Pompangeo,Pegunungan Pompangeo,Sulawesi,,2590.0,1881.0,709.0,,,list-of-ultras-of-the-malay-archipelago
Bangong,Bangong (mountain),,,6260.0,1879.0,4381.0,,,list-of-ultras-of-tibet-east-asia-and-neighbouring-areas
Cerro Pináculo,Cerro Pináculo,,,2160.0,1879.0,281.0,,,list-of-ultras-of-south-america
Mount Tabwemasana,Mount Tabwemasana,,,1879.0,1879.0,0.0,,,list-of-ultras-of-oceania
Mount Yōtei,Mount Yōtei,Hokkaidō,,1898.0,1878.0,20.0,,,list-of-ultra-prominent-peaks-of-japan
Pizzo di Coca,Pizzo di Coca,,,3050.0,1878.0,,,,list-of-european-ultra-prominent-peaks
Xiannairi,Xiannairi,,,6032.0,1878.0,4154.0,,,list-of-ultras-of-tibet-east-asia-and-neighbouring-areas
Dewey Peak (Alaska),,Alaska,Chugach Mountains,2441.453,1877.572,,61.1605,-144.8129,list-of-ultras-of-north-america
Alto Cuchumatanes,,,Huehuetenango,3837.0,1877.0,,15.5182,-91.5445,list-of-ultras-of-north-america
Mount Washington (New Hampshire),,New Hampshire,White Mountains,1916.606,1876.962,,44.2705,-71.3032,list-of-ultras-of-north-america
Mount Cycloop,Mount Cycloop,New Guinea,,2000.0,1876.0,124.0,,,list-of-ultras-of-oceania;list-of-ultras-of-the-malay-archipelago
Cerro Potosí,,Nuevo León,Sierra Madre Oriental,3720.0,1875.0,,24.8719,-100.2327,list-of-ultras-of-north-america
Dofana,Dofana,,,5940.0,1875.0,4065.0,,,list-of-ultras-of-the-himalayas
Pic Boby,Andringitra Massif,,,2658.0,1875.0,783.0,,,list-of-ultras-of-africa
Cima Dodici,Cima Dodici,,,2336.0,1874.0,,,,list-of-european-ultra-prominent-peaks
Borohoro Shan,Borohoro Shan,,,5248.0,1871.0,3377.0,,,list-of-ultras-of-central-asia
Kanjiroba,Kanjiroba,,,6883.0,1870.0,5013.0,,,list-of-ultras-of-the-himalayas
Mount Kyllini,Mount Kyllini,,,2376.0,1870.0,506.0,,,list-of-european-ultra-prominent-peaks
Mount Igikpak,,Alaska,Brooks Range,2522.53,1867.209,,67.4129,-154.9656,list-of-ultras-of-north-america
Silvertip Mountain,,British Columbia,Cascade Range,2596.0,1866.0,,49.1633,-121.2161,list-of-ultras-of-north-america
Snow Tower,,Alaska,Coast Mountains,2003.15,1865.989,,58.1724,-133.4009,list-of-ultras-of-north-america
Mount Simpson,Mount Simpson (Papua New Guinea),,,2883.0,1863.0,1020.0,,,list-of-ultras-of-oceania
Point 6327,Point 6327,,,6327.0,1863.0,4464.0,,,list-of-ultras-of-tibet-east-asia-and-neighbouring-areas
Seven Sisters Peaks,,British Columbia,Coast Mountains,2747.0,1862.0,,54.9678,-128.2319,list-of-ultras-of-north-america
Pico Ruivo,Pico Ruivo,Madeira,,1861.0,1861.0,0.0,,,list-of-european-ultra-prominent-peaks
Mönkh Hairhan,Mönkh Hairhan,,,4231.0,1860.0,2371.0,,,list-of-ultras-of-central-asia
Mai Gudo,Mount Maigudo,,,3359.0,1859.0,1770.0,,,list-of-ultras-of-africa
Montañas Peña Blanca,,,Sierra Madre de Chiapas,3518.0,1858.0,,15.4996,-91.9151,list-of-ultras-of-north-america
Silisili,Silisili,,,1858.0,1858.0,0.0,,,list-of-ultras-of-oceania
Myinmoletkat Taung,Myinmoletkat Taung,,,2072.0,1857.0,215.0,,,list-of-ultras-of-southeast-asia
Mount Mitchell,,North Carolina,Blue Ridge Mountains,2037.312,1856.693,,35.7649,-82.2651,list-of-ultras-of-north-america
Mount Ossa,Mount Ossa (Greece),,,1978.0,1854.0,124.0,,,list-of-european-ultra-prominent-peaks
Doi Inthanon,Doi Inthanon,,,2565.0,1850.0,730.0,,,list-of-ultras-of-southeast-asia
Kuh-e Fergardi,Kuh-e Fergardi,,,5096.0,1850.0,3246.0,,,list-of-ultras-of-the-karakoram-and-hindu-kush
Mont Ross,Mont Ross,,,1850.0,1850.0,0.0,,,list-of-ultras-of-oceania
Mount Klabat,Mount Klabat,Sulawesi,,1990.0,1850.0,140.0,,,list-of-ultras-of-the-malay-archipelago
Mount Saugstad,,British Columbia,Coast Mountains,2908.0,1850.0,,52.2542,-126.5148,list-of-ultras-of-north-america
Point 5608,Point 5608,&nbsp;/&nbsp;,,5608.0,1850.0,3758.0,,,list-of-ultras-of-the-himalayas
Truuli Peak,,Alaska,Kenai Mountains,2015.342,1847.701,,59.9129,-150.4348,list-of-ultras-of-north-america
Victoria Peak (British Columbia),,British Columbia,Vancouver Island,2159.0,1845.0,,50.0547,-126.1008,list-of-ultras-of-north-america
Chiantar Sar,Chiantar Sar,,,6416.0,1841.0,4575.0,,,list-of-ultras-of-the-karakoram-and-hindu-kush
Humphreys Peak,,Arizona,San Francisco Peaks,3851.891,1840.691,,35.3464,-111.678,list-of-ultras-of-north-america
Macizo Nevado,Macizo Nevado,,,2100.0,1840.0,260.0,,,list-of-ultras-of-south-america
Wuzhi Shan,Wuzhi Shan,,,1840.0,1840.0,0.0,,,list-of-ultras-of-tibet-east-asia-and-neighbouring-areas
Mount Hilong-Hilong,Mount Hilong-Hilong,Mindanao,,2012.0,1838.0,82.0,,,list-of-ultras-of-the-philippines
Cotacachi,Cotacachi Volcano,,,4944.0,1837.0,3107.0,,,list-of-ultras-of-south-america
Napi,Cerro Napi,,,3860.0,1837.0,2023.0,,,list-of-ultras-of-south-america
Point 4030,Point 4030,,,4030.0,1837.0,4565.0,,,list-of-ultras-of-tibet-east-asia-and-neighbouring-areas
Acatenango,,,Chimaltenango,3975.0,1835.0,,14.5016,-90.8755,list-of-ultras-of-north-america
Saliente del Rio Guape,Saliente del Rio Guape,,,4180.0,1835.0,2345.0,,,list-of-ultras-of-south-america
Dyultydag,Dyultydag,,Greater Caucasus,4127.0,1834.0,2293.0,,,list-of-european-ultra-prominent-peaks;list-of-ultras-of-west-asia
Punta La Marmora,Punta La Marmora,Sardinia,,1834.0,1834.0,0.0,,,list-of-european-ultra-prominent-peaks
Mount Kunugui,Mount Kunugui,,,1833.0,1833.0,0.0,,,list-of-ultras-of-oceania
Brian Boru Peak,,British Columbia,Coast Mountains,2507.0,1832.0,,55.0739,-127.5742,list-of-ultras-of-north-america
Mount Victory,Mount Victory (Papua New Guinea),,,1891.0,1831.0,60.0,,,list-of-ultras-of-oceania
San Miguel (volcano),,,Sierra Madre de Chiapas,2131.0,1831.0,,13.4348,-88.2691,list-of-ultras-of-north-america
Eshdeger Range,Eshdeger Range,,Eastern Iran,2920.0,1830.0,1103.0,,,list-of-ultras-of-west-asia
Serra da Mocidade,Serra da Mocidade,,,1980.0,1830.0,150.0,,,list-of-ultras-of-south-america
Borah Peak,,Idaho,Lost River Range,3861.2,1829.4,,44.1374,-113.7811,list-of-ultras-of-north-america
Howson Peak,,British Columbia,Coast Mountains,2759.0,1829.0,,54.4185,-127.7441,list-of-ultras-of-north-america
Atna Peak (British Columbia),,British Columbia,Coast Mountains,2724.0,1828.0,,53.9398,-128.0456,list-of-ultras-of-north-america
Alam Kuh,Alam Kuh,,Alborz Mountains,4805.0,1827.0,2978.0,,,list-of-ultras-of-west-asia
Karangetang,Karangetang,Siau,,1827.0,1827.0,0.0,,,list-of-ultras-of-the-malay-archipelago
Mishahuanga,Mishahuanga,,,4118.0,1826.0,2292.0,,,list-of-ultras-of-south-america
Sahand,Sahand,,Azerbaijan Mountains,3707.0,1826.0,1881.0,,,list-of-ultras-of-west-asia
Tsaydaychuz Peak,,British Columbia,Coast Mountains,2758.0,1826.0,,53.0212,-126.6401,list-of-ultras-of-north-america
Alney-Chashakondzha,Alney-Chashakondzha,,,2598.0,1825.0,773.0,,,list-of-ultras-of-northeast-asia
Pik MGU,Pik MGU,,,5418.0,1825.0,3593.0,,,list-of-ultras-of-central-asia
Mount Natazhat,,Alaska,Saint Elias Mountains,4094.996,1824.232,,61.5217,-141.103,list-of-ultras-of-north-america
Saipal,Saipal,,,7031.0,1824.0,5207.0,,,list-of-ultras-of-the-himalayas
Loi Leng,Loi Leng,,,2673.0,1823.0,850.0,,,list-of-ultras-of-southeast-asia
Muzart,Muzart,,,6571.0,1822.0,4749.0,,,list-of-ultras-of-central-asia
Dola Koyakoya,Dola Koyakoya,Alor,,1821.0,1821.0,0.0,,,list-of-ultras-of-the-malay-archipelago
Kapudzhukh Lerr,Kapudzhukh Lerr,/,Lesser Caucasus,3905.0,1820.0,2085.0,,,list-of-ultras-of-west-asia
Parnaqussuit Qavaat,,,Island of Greenland,1860.0,1820.0,,66.4333,-52.9167,list-of-ultras-of-north-america
Llaima,Llaima,,,3125.0,1819.0,1306.0,,,list-of-ultras-of-south-america
Tyatya,Tyatya,Kunashiri Island,,1819.0,1819.0,0.0,,,list-of-ultras-of-northeast-asia
Upper Angara Range,Upper Angara Range,,,2641.0,1819.0,822.0,,,list-of-ultras-of-northeast-asia
Mount Moroto,Mount Moroto,,,3083.0,1818.0,1265.0,,,list-of-ultras-of-africa
Chikurachki,Chikurachki,Paramushir,,1816.0,1816.0,0.0,,,list-of-ultras-of-northeast-asia
Shah Dok,Shah Dok,,,6320.0,1815.0,4505.0,,,list-of-ultras-of-the-karakoram-and-hindu-kush
Hanagita Peak,,Alaska,Chugach Mountains,2592.024,1814.783,,61.067,-143.7075,list-of-ultras-of-north-america
Obasta Tsukai,Obasta Tsukai,,,3452.0,1813.0,1628.0,,,list-of-ultras-of-the-karakoram-and-hindu-kush
Monte Amaro,Monte Amaro,,,2795.0,1812.0,983.0,,,list-of-european-ultra-prominent-peaks
Khodutka,Khodutka,,,2089.0,1810.0,279.0,,,list-of-ultras-of-northeast-asia
North Kodar Group,Kodar Range,,,2966.0,1810.0,1156.0,,,list-of-ultras-of-northeast-asia
Harhiraa,Harhiraa,,,4040.0,1808.0,2232.0,,,list-of-ultras-of-central-asia
Manam,Manam Motu,,,1807.0,1807.0,0.0,,,list-of-ultras-of-oceania
Maasheybash,Maasheybash,,,4177.0,1806.0,2371.0,,,list-of-ultras-of-central-asia
Tanaga (volcano),,Alaska,Tanaga Island,1805.944,1805.944,,51.8838,-178.1429,list-of-ultras-of-north-america
Bukit Mugajah,Bukit Mugajah,Sumatra,,3079.0,1805.0,1274.0,,,list-of-ultras-of-the-malay-archipelago
Mor Dagi,Mor Dagi,,Zagros Mountains,3800.0,1805.0,1995.0,,,list-of-ultras-of-west-asia
Nyonno Ri,Nyonno Ri,,,6724.0,1805.0,4919.0,,,list-of-ultras-of-the-himalayas
Yarla Shampo,Yarla Shampo,,,6636.0,1805.0,4831.0,,,list-of-ultras-of-the-himalayas
Mount Hermon,Mount Hermon,/,Anti-Lebanon,2814.0,1804.0,1010.0,,,list-of-ultras-of-west-asia
Mount Supernal,Mount Supernal,,,3655.0,1804.0,1851.0,,,list-of-ultras-of-antarctica
Mamostong Kangri,Mamostong Kangri,",",,7516.0,1803.0,5713.0,,,list-of-ultras-of-the-karakoram-and-hindu-kush
Mount Mangabon,Mount Mangabon,Mindanao,,2510.0,1803.0,677.0,,,list-of-ultras-of-the-philippines
Brandberg Mountain,Brandberg Mountain,,,2606.0,1802.0,804.0,,,list-of-ultras-of-africa
Mount Sibuatan,Mount Sibuatan,Sumatra,,2457.0,1802.0,655.0,,,list-of-ultras-of-the-malay-archipelago
Bukii Dako,Bukii Dako,Sulawesi,,2260.0,1801.0,459.0,,,list-of-ultras-of-the-malay-archipelago
Kootenay Mountain,,British Columbia,Columbia Mountains,2456.0,1801.0,,49.2407,-116.8226,list-of-ultras-of-north-america
Makushin Volcano,,Alaska,Unalaska Island,1799.848,1799.848,,53.8782,-166.9299,list-of-ultras-of-north-america
Cerro Anexo,Cerro Anexo,&nbsp;/&nbsp;,,2480.0,1799.0,681.0,,,list-of-ultras-of-south-america
Thalo Zom,Thalo Zom,,,6050.0,1799.0,4251.0,,,list-of-ultras-of-the-karakoram-and-hindu-kush
Abra la Esperanza,Abra la Esperanza,,,3660.0,1798.0,1862.0,,,list-of-ultras-of-south-america
Dikti,Dikti,Crete,,2148.0,1798.0,350.0,,,list-of-european-ultra-prominent-peaks
Manakau,Manakau (mountain),,,2608.0,1798.0,810.0,,,list-of-ultras-of-oceania
Shedin Peak,,British Columbia,Skeena Mountains,2588.0,1798.0,,55.9392,-127.4799,list-of-ultras-of-north-america
Mount Martha Black,,Yukon,Saint Elias Mountains,2512.0,1797.0,,60.6716,-137.6224,list-of-ultras-of-north-america
Ras Koh,Ras Koh,,,3003.0,1797.0,1206.0,,,list-of-ultras-of-the-karakoram-and-hindu-kush
Shayaz,Shayaz,,,6026.0,1797.0,4229.0,,,list-of-ultras-of-the-karakoram-and-hindu-kush
Dents du Midi,Dents du Midi,,,3257.0,1796.0,,,,list-of-european-ultra-prominent-peaks
Point 4800,Point 4800,,,4800.0,1796.0,3004.0,,,list-of-ultras-of-central-asia
Haba Snow Mountain,Haba Snow Mountain,,,5396.0,1794.0,3602.0,,,list-of-ultras-of-tibet-east-asia-and-neighbouring-areas
Gora Addala Shukgelmezr,Gora Addala Shukgelmezr,,Greater Caucasus,4152.0,1792.0,2360.0,,,list-of-european-ultra-prominent-peaks;list-of-ultras-of-west-asia
Papingu,Papingu,,,2482.0,1792.0,690.0,,,list-of-european-ultra-prominent-peaks
Aracar,Aracar,,,6095.0,1791.0,4304.0,,,list-of-ultras-of-south-america
Mount Kujū,Mount Kujū,Kyūshū,,1791.0,1791.0,0.0,,,list-of-ultra-prominent-peaks-of-japan
Mount Masurai,Mount Masurai,Sumatra,,2933.0,1791.0,1142.0,,,list-of-ultras-of-the-malay-archipelago
Sovereign Mountain,,Alaska,Talkeetna Mountains,2697.181,1790.399,,62.1311,-148.6044,list-of-ultras-of-north-america
Sierra de Maigualida,Sierra de Maigualida,,,2350.0,1790.0,560.0,,,list-of-ultras-of-south-america
Mount Jefferson (Nevada),,Nevada,Toquima Range,3641.29,1789.484,,38.7519,-116.9267,list-of-ultras-of-north-america
Mount Michael,Mount Michael (Papua New Guinea),,,3647.0,1787.0,1860.0,,,list-of-ultras-of-oceania
Shaiyb al-Banat,Shaiyb al-Banat,,,2187.0,1787.0,440.0,,,list-of-ultras-of-africa
Sutai,Sutai Mountain,,,4220.0,1787.0,2433.0,,,list-of-ultras-of-central-asia
Mount Ellen (Utah),,Utah,Henry Mountains,3513.399,1786.741,,38.1089,-110.8136,list-of-ultras-of-north-america
Point 4520,Point 4520,,,4520.0,1786.0,2734.0,,,list-of-ultras-of-tibet-east-asia-and-neighbouring-areas
Misti,Misti,,,5822.0,1785.0,4037.0,,,list-of-ultras-of-south-america
Shengtang Shan,Shengtang Shan,,,1935.0,1785.0,150.0,,,list-of-ultras-of-tibet-east-asia-and-neighbouring-areas
Isanotski Peaks,,Alaska,Unimak Island,2470.714,1784.912,,54.768,-163.7291,list-of-ultras-of-north-america
Cerro Cantillana,Cerro Cantillana,,,2281.0,1784.0,497.0,,,list-of-ultras-of-south-america
Sierra Velluda,Sierra Velluda,,,3535.0,1784.0,1751.0,,,list-of-ultras-of-south-america
Vihren,Vihren,,,2915.0,1784.0,1131.0,,,list-of-european-ultra-prominent-peaks
Wutai Shan,Wutai Shan,,,3061.0,1784.0,1277.0,,,list-of-ultras-of-tibet-east-asia-and-neighbouring-areas
Mount Kaplan,Mount Kaplan,,,4230.0,1783.0,2447.0,,,list-of-ultras-of-antarctica
Birkenhead Peak,,British Columbia,Coast Mountains,2506.0,1781.0,,50.5112,-122.621,list-of-ultras-of-north-america
Garrin Mountain,Garrin Mountain,,Zagros Mountains,3630.0,1780.0,1850.0,,,list-of-ultras-of-west-asia
Mount Frakes,Mount Frakes,,,3675.0,1780.0,1895.0,,,list-of-ultras-of-antarctica
Loma Gajo en Medio,,,Island of Hispaniola,2279.0,1779.0,,18.6292,-71.5108,list-of-ultras-of-north-america
Campanario,Campanario (Peru),,,4010.0,1778.0,2232.0,,,list-of-ultras-of-south-america
Cerro Laguna Blanca,Cerro Laguna Blanca,,,6012.0,1778.0,4234.0,,,list-of-ultras-of-south-america
Cordillera Cristal,Cordillera Cristal,,,2360.0,1776.0,584.0,,,list-of-ultras-of-south-america
Gora Shan,Gora Shan,/,Greater Caucasus,4451.0,1775.0,2676.0,,,list-of-european-ultra-prominent-peaks;list-of-ultras-of-west-asia
Point 5120,Point 5120,,,5120.0,1775.0,3345.0,,,list-of-ultras-of-the-karakoram-and-hindu-kush
Mount Talawe,Mount Talawe,,,1824.0,1773.0,51.0,,,list-of-ultras-of-oceania
Olet Sangenges,Olet Sangenges,Sumbawa,,1840.0,1773.0,67.0,,,list-of-ultras-of-the-malay-archipelago
Pangaion Hills,Pangaion Hills,,,1956.0,1773.0,183.0,,,list-of-european-ultra-prominent-peaks
Mount Narodnaya,Mount Narodnaya,,,1894.0,1772.0,123.0,,,list-of-european-ultra-prominent-peaks
Nganglong Kangri,Nganglong Kangri,,,6720.0,1772.0,4948.0,,,list-of-ultras-of-tibet-east-asia-and-neighbouring-areas
Deseret Peak,,Utah,Stansbury Mountains,3363.6,1771.501,,40.4595,-112.6264,list-of-ultras-of-north-america
Chamechaude,Chamechaude,,,2082.0,1771.0,,,,list-of-european-ultra-prominent-peaks
Cerro Tacarcuna,,,Darién,1875.0,1770.0,,8.1659,-77.2959,list-of-ultras-of-north-america
Kitumbeine Volcano,Kitumbeine Volcano,,,2858.0,1770.0,1088.0,,,list-of-ultras-of-africa
Mount Harrison (British Columbia),,British Columbia,Canadian Rockies,3360.0,1770.0,,50.0604,-115.2057,list-of-ultras-of-north-america
Storo (Greenland),,,Island of Storo,1770.0,1770.0,,70.8333,-27.4833,list-of-ultras-of-north-america
Gigante,Mount Gigante,,,5748.0,1768.0,3980.0,,,list-of-ultras-of-south-america
Mount Veve,Mount Veve,,,1768.0,1768.0,0.0,,,list-of-ultras-of-oceania
Khunyang Chhish,Khunyang Chhish,",",,7852.0,1765.0,6087.0,,,list-of-ultras-of-the-karakoram-and-hindu-kush
Snehaetten,,,Qeqertaq Island,1765.0,1765.0,,71.6542,-53.1641,list-of-ultras-of-north-america
Tacarcuna,Cerro Tacarcuna,,,1870.0,1765.0,105.0,,,list-of-ultras-of-south-america
Babadağ,"Babadağ (mountain, Muğla)",,South West Anatolia,1969.0,1763.0,206.0,,,list-of-ultras-of-west-asia
Mount Edziza,,British Columbia,Tahltan Highland,2793.0,1763.0,,57.7156,-130.6345,list-of-ultras-of-north-america
Isthmus Peak,,Alaska,Kenai Mountains,1990.958,1762.357,,60.5772,-148.8915,list-of-ultras-of-north-america
,,,,2570.0,1762.0,808.0,,,list-of-ultras-of-tibet-east-asia-and-neighbouring-areas
Mount Sir Alexander,,British Columbia,Canadian Rockies,3275.0,1762.0,,53.936,-120.3869,list-of-ultras-of-north-america
Pandim,Pandim,,,6691.0,1762.0,4929.0,,,list-of-ultras-of-the-himalayas
Kuhha-ye Hezar Masjed,Kuhha-ye Hezar Masjed,,Alborz Mountains,3120.0,1760.0,1360.0,,,list-of-ultras-of-west-asia
Lunan Shan,Lunan Shan,,,4300.0,1760.0,2540.0,,,list-of-ultras-of-tibet-east-asia-and-neighbouring-areas
Moma Range,Moma Range,,,2480.0,1760.0,720.0,,,list-of-ultras-of-northeast-asia
Mount Sundoro,Mount Sundoro,Java,,3150.0,1760.0,1390.0,,,list-of-ultras-of-the-malay-archipelago
Chepunyal Hills,Chepunyal Hills,,,3334.0,1759.0,1575.0,,,list-of-ultras-of-africa
Damyon,Damyon,,,6324.0,1759.0,4565.0,,,list-of-ultras-of-tibet-east-asia-and-neighbouring-areas
Mount Hector (Alberta),,Alberta,Canadian Rockies,3394.0,1759.0,,51.5752,-116.259,list-of-ultras-of-north-america
Peleaga,Peleaga,,,2509.0,1759.0,750.0,,,list-of-european-ultra-prominent-peaks
Chutine Peak,,British Columbia,Coast Mountains,2903.0,1758.0,,57.7753,-132.3346,list-of-ultras-of-north-america
Kajmakchalan,Kajmakchalan,&nbsp;/&nbsp;,,2528.0,1758.0,770.0,,,list-of-european-ultra-prominent-peaks
Kuh-e Khabr,Kuh-e Khabr,,Zagros Mountains,3856.0,1758.0,2098.0,,,list-of-ultras-of-west-asia
Kuh-e Shashgal,Kuh-e Shashgal,,,6290.0,1758.0,4532.0,,,list-of-ultras-of-the-karakoram-and-hindu-kush
Buyu Lumut,Buyu Lumut,Sulawesi,,2403.0,1757.0,646.0,,,list-of-ultras-of-the-malay-archipelago
Mount Namuli,Mount Namuli,,,2419.0,1757.0,662.0,,,list-of-ultras-of-africa
Tongshanjiabu,Tongshanjiabu,&nbsp;/&nbsp;,,7207.0,1757.0,5450.0,,,list-of-ultras-of-the-himalayas
Tsambagarav,Tsambagarav,,,4193.0,1757.0,2436.0,,,list-of-ultras-of-central-asia
Picos del Barroso,Picos del Barroso,,,5180.0,1755.0,3425.0,,,list-of-ultras-of-south-america
Volcán Atitlán,,,Sierra Madre de Chiapas,3537.0,1754.0,,14.5834,-91.1864,list-of-ultras-of-north-america
Frosty Peak,,Alaska,Aleutian Range,1768.758,1753.518,,55.0672,-162.8351,list-of-ultras-of-north-america
Nyegyi Kansang,Nyegyi Kansang,&nbsp;/&nbsp;,,6970.0,1752.0,5295.0,,,list-of-ultras-of-the-himalayas
Mount Kisokoma,Mount Kisokoma,Honshū,,2956.0,1751.0,1205.0,,,list-of-ultra-prominent-peaks-of-japan
Gamchen,Gamchen,,,2577.0,1750.0,827.0,,,list-of-ultras-of-northeast-asia
Illiniza,Illiniza,,,5263.0,1750.0,3513.0,,,list-of-ultras-of-south-america
Mutnovsky,Mutnovsky,,,2322.0,1750.0,572.0,,,list-of-ultras-of-northeast-asia
Phu Si Lung,Phu Si Lung,&nbsp;/&nbsp;,,3076.0,1750.0,1326.0,,,list-of-ultras-of-southeast-asia
Point 3480,Point 3480,,,3480.0,1750.0,1730.0,,,list-of-ultras-of-tibet-east-asia-and-neighbouring-areas
Pulau Tidore,Pulau Tidore,Tidore,,1750.0,1750.0,0.0,,,list-of-ultras-of-the-malay-archipelago
Shengena,Shengena,,,2464.0,1750.0,714.0,,,list-of-ultras-of-africa
Hasagt Hairhan,Hasagt Hairhan,,,3578.0,1749.0,1829.0,,,list-of-ultras-of-central-asia
Arlan,Mount Arlan,,,1880.0,1748.0,132.0,,,list-of-ultras-of-central-asia
Cerro Tres Frailes,Cerro Tres Frailes,,,2050.0,1748.0,302.0,,,list-of-ultras-of-south-america
Kuhe Haji Ebrahim,Kuhe Haji Ebrahim,/,Zagros Mountains,3587.0,1747.0,1840.0,,,list-of-ultras-of-west-asia
Point 5980,Point 5980,&nbsp;/&nbsp;,,5980.0,1747.0,4233.0,,,list-of-ultras-of-the-himalayas
Whitehorn Mountain (British Columbia),,British Columbia,Canadian Rockies,3399.0,1747.0,,53.137,-119.2667,list-of-ultras-of-north-america
Pilot Peak (Nevada),,Nevada,Pilot Range,3267.6,1746.812,,41.0211,-114.0774,list-of-ultras-of-north-america
Mount Chown,,Alberta,Canadian Rockies,3316.0,1746.0,,53.3971,-119.4173,list-of-ultras-of-north-america
Zugspitze,Zugspitze,/,,2962.0,1746.0,,,,list-of-european-ultra-prominent-peaks
Mount Iwate,Mount Iwate,Honshū,,2038.0,1745.0,293.0,,,list-of-ultra-prominent-peaks-of-japan
Peak 08-46,,Nunavut,Ellesmere Island,2181.0,1745.0,,80.137,-76.7763,list-of-ultras-of-north-america
Crazy Peak,,Montana,Crazy Mountains,3417.931,1743.155,,46.0181,-110.2768,list-of-ultras-of-north-america
Dirfi,Dirfi,Euboea,,1743.0,1743.0,0.0,,,list-of-european-ultra-prominent-peaks
Kharchanai,Kharchanai,,,6436.0,1743.0,4693.0,,,list-of-ultras-of-the-karakoram-and-hindu-kush
Tulu Welel,Tulu Welel,,,3301.0,1742.0,1559.0,,,list-of-ultras-of-africa
Jiehkkevárri,Jiehkkevárri,,,1834.0,1741.0,93.0,,,list-of-european-ultra-prominent-peaks
Phnom Aural,Phnom Aural,,,1810.0,1741.0,215.0,,,list-of-ultras-of-southeast-asia
Great Sitkin Volcano,,Alaska,Great Sitkin Island,1740.411,1740.411,,52.0763,-176.1108,list-of-ultras-of-north-america
Gora Chen,Gora Chen,,,2690.0,1740.0,950.0,,,list-of-ultras-of-northeast-asia
Kebnekaise,Kebnekaise,,,2099.0,1740.0,359.0,,,list-of-european-ultra-prominent-peaks
Undundi-Wandandi,Undundi-Wandandi,New Guinea,,3640.0,1740.0,1900.0,,,list-of-ultras-of-oceania;list-of-ultras-of-the-malay-archipelago
Thudaka Peak,,British Columbia,Cassiar Mountains,2748.0,1739.0,,57.9272,-126.8485,list-of-ultras-of-north-america
Azimuthbjerg,,,Island of Skjoldungen,1738.0,1738.0,,63.4552,-41.8508,list-of-ultras-of-north-america
Dabaicao Ling,Dabaicao Ling,,,3680.0,1738.0,1942.0,,,list-of-ultras-of-tibet-east-asia-and-neighbouring-areas
Nevado Queulat,Nevado Queulat,,,2300.0,1738.0,562.0,,,list-of-ultras-of-south-america
Koktutau,Koktutau,,,5324.0,1737.0,3587.0,,,list-of-ultras-of-central-asia
Mol Len,Mol Len,&nbsp;/&nbsp;,,3088.0,1737.0,1351.0,,,list-of-ultras-of-southeast-asia
Smolikas,Smolikas,,,2637.0,1736.0,901.0,,,list-of-european-ultra-prominent-peaks
Cordón Mariano Moreno,Cordón Mariano Moreno,&nbsp;/&nbsp;,,3490.0,1735.0,1755.0,,,list-of-ultras-of-south-america
Jiucai Ling,Jiucai Ling,,,2010.0,1735.0,275.0,,,list-of-ultras-of-tibet-east-asia-and-neighbouring-areas
Monte Antelao,Monte Antelao,,,3264.0,1735.0,,,,list-of-european-ultra-prominent-peaks
Xuebang Shan,Xuebang Shan,,,4260.0,1735.0,4565.0,,,list-of-ultras-of-tibet-east-asia-and-neighbouring-areas
Huangshan,Huangshan,,,1864.0,1734.0,130.0,,,list-of-ultras-of-tibet-east-asia-and-neighbouring-areas
Shah Tus Aqa Ghar,Shah Tus Aqa Ghar,,,4803.0,1734.0,3069.0,,,list-of-ultras-of-the-karakoram-and-hindu-kush
Alto Toroni,Alto Toroni,&nbsp;/&nbsp;,,5995.0,1733.0,4262.0,,,list-of-ultras-of-south-america
Kuh-e Kharanaq,Kuh-e Kharanaq,,Iranian plateau,3150.0,1732.0,1418.0,,,list-of-ultras-of-west-asia
Mount Hakkyō,Mount Hakkyō,Honshū,,1915.0,1732.0,183.0,,,list-of-ultra-prominent-peaks-of-japan
Pascua,Pascua (mountain),,,2250.0,1732.0,518.0,,,list-of-ultras-of-south-america
Pu'u Kukui,,,,1764.186,1730.658,20.8904,20.8904,-156.5863,list-of-ultras-of-oceania
Du Toits Peak,Du Toits Peak,,,1995.0,1730.0,265.0,,,list-of-ultras-of-africa
Emogadong,Emogadong,,,2623.0,1730.0,893.0,,,list-of-ultras-of-africa
Sungwi,Sungwi,,,2300.0,1730.0,570.0,,,list-of-ultras-of-africa
Svedenborg Bjerg,,,Geographical Society Island,1730.0,1730.0,,72.9436,-24.3412,list-of-ultras-of-north-america
Zheltovsky,Zheltovsky,,,1957.0,1730.0,227.0,,,list-of-ultras-of-northeast-asia
Mount Cleveland (Alaska),,Alaska,Chuginadak Island,1729.743,1729.743,,52.823,-169.9465,list-of-ultras-of-north-america
Qiajivik Mountain,,Nunavut,Baffin Island,1905.0,1729.0,,72.1809,-75.909,list-of-ultras-of-north-america
Samdi Dag,Samdi Dag,,Zagros Mountains,3811.0,1729.0,2082.0,,,list-of-ultras-of-west-asia
Ayaliktag Range,Ayaliktag Range,,,6130.0,1728.0,4402.0,,,list-of-ultras-of-tibet-east-asia-and-neighbouring-areas
Dapin Shan,Dapin Shan,,,5412.0,1728.0,3684.0,,,list-of-ultras-of-tibet-east-asia-and-neighbouring-areas
Jebel al Harim,Jabal Al Harim,,Al Hajar Mountains,2087.0,1727.0,360.0,,,list-of-ultras-of-west-asia
Manirang,Manirang,,,6593.0,1727.0,4866.0,,,list-of-ultras-of-the-himalayas
Mount Singgalang,Mount Singgalang,Sumatra,,2877.0,1727.0,1150.0,,,list-of-ultras-of-the-malay-archipelago
Nattaung,Nattaung,,,2623.0,1726.0,897.0,,,list-of-ultras-of-southeast-asia
Baga Bogd,Baga Bogd,,,3600.0,1725.0,1875.0,,,list-of-ultras-of-central-asia
Unuk Peak,,British Columbia,Coast Mountains,2595.0,1725.0,,56.3764,-130.1933,list-of-ultras-of-north-america
Barurumea Ridge,Barurumea Ridge,,,2063.0,1723.0,340.0,,,list-of-ultras-of-oceania
Pik Baikal,Pik Baikal,,,2841.0,1723.0,1118.0,,,list-of-ultras-of-northeast-asia
McDonald Peak,,Montana,Mission Range,2994.46,1722.123,,47.3826,-113.9191,list-of-ultras-of-north-america
Wugong Shan,Wugong Mountains,,,1920.0,1722.0,198.0,,,list-of-ultras-of-tibet-east-asia-and-neighbouring-areas
HP,,,,6146.0,1721.0,4425.0,,,list-of-ultras-of-tibet-east-asia-and-neighbouring-areas
Mount Rishiri,Mount Rishiri,Rishiri Island,,1721.0,1721.0,0.0,,,list-of-ultra-prominent-peaks-of-japan
Tacora,Tacora,,,5988.0,1721.0,4267.0,,,list-of-ultras-of-south-america
Tromen,Tromen,,,3980.0,1721.0,2259.0,,,list-of-ultras-of-south-america
Cond Peak,,British Columbia,Columbia Mountains,2801.0,1720.0,,49.7462,-117.1419,list-of-ultras-of-north-america
Gle Hulumasen,Gle Hulumasen,Sumatra,,2310.0,1720.0,590.0,,,list-of-ultras-of-the-malay-archipelago
Lalla Khedidja,Lalla Khedidja,,,2308.0,1720.0,588.0,,,list-of-ultras-of-africa
Mount Carse,Mount Carse,,,2330.0,1720.0,610.0,,,list-of-ultras-of-antarctica
Hunhua Shan,Hunhua Shan,,,3420.0,1718.0,1702.0,,,list-of-ultras-of-southeast-asia
Jebel Kawr,Jebel Kawr,,Al Hajar Mountains,2730.0,1718.0,1012.0,,,list-of-ultras-of-west-asia
Temerliktau,Temerliktau,,,3730.0,1718.0,2012.0,,,list-of-ultras-of-central-asia
Newtontoppen,Newtontoppen,Svalbard,,1717.0,1717.0,0.0,,,list-of-european-ultra-prominent-peaks
Gamalama,Gamalama,Ternate,,1715.0,1715.0,0.0,,,list-of-ultras-of-the-malay-archipelago
Khao Luang,Khao Luang,,,1780.0,1715.0,65.0,,,list-of-ultras-of-southeast-asia
Monte Dolcedorme,Monte Dolcedorme,,,2267.0,1715.0,552.0,,,list-of-european-ultra-prominent-peaks
Kuh-e Shahu,Kuh-e Shahu,,Zagros Mountains,3350.0,1714.0,1636.0,,,list-of-ultras-of-west-asia
Arcalod,Arcalod,,,2217.0,1713.0,,,,list-of-european-ultra-prominent-peaks
Mount Ontake,Mount Ontake,Honshū,,3067.0,1712.0,1355.0,,,list-of-ultra-prominent-peaks-of-japan
Serra do Pacu,Serra do Pacu,,,1880.0,1712.0,168.0,,,list-of-ultras-of-south-america
Tsanglha Ri (Zang La),,,,6495.0,1712.0,4783.0,,,list-of-ultras-of-the-himalayas
Appaalik,,,Agpat Island,1711.0,1711.0,,70.9474,-51.9918,list-of-ultras-of-north-america
Mount Wrangell,,Alaska,Wrangell Mountains,4316.891,1710.846,,62.0059,-144.0187,list-of-ultras-of-north-america
Kuh-e Gar,Kuh-e Gar,,Alborz Mountains,2950.0,1710.0,1240.0,,,list-of-ultras-of-west-asia
Muztagh Tower,Muztagh Tower,&nbsp;/&nbsp;,,7276.0,1710.0,5566.0,,,list-of-ultras-of-the-karakoram-and-hindu-kush
Pico Bonito,,,Cordillera Nombre de Dios,2450.0,1710.0,,15.5575,-86.8756,list-of-ultras-of-north-america
Sittakanay Peak,,British Columbia,Coast Mountains,2415.0,1710.0,,58.4786,-133.3623,list-of-ultras-of-north-america
Jebel Jar,Jebel Jar,,Arabian Highlands,2300.0,1709.0,591.0,,,list-of-ultras-of-west-asia
Montalto,Montalto (Aspromonte),,,1955.0,1709.0,246.0,,,list-of-european-ultra-prominent-peaks
Cerro Cerbatana,Cerro Cerbatana,,,2080.0,1708.0,372.0,,,list-of-ultras-of-south-america
Gora Babash-Ata,Gora Babash-Ata,,,4428.0,1708.0,2720.0,,,list-of-ultras-of-central-asia
Mela Taung,Mela Taung,,,2080.0,1707.0,373.0,,,list-of-ultras-of-southeast-asia
Volcán Wolf,Volcán Wolf,Isabela Island,,1707.0,1707.0,0.0,,,list-of-ultras-of-south-america
Grintovec,Grintovec,,,2558.0,1706.0,,,,list-of-european-ultra-prominent-peaks
Cerro Ladrillero,Cerro Ladrillero,Riesco Island,,1705.0,1705.0,0.0,,,list-of-ultras-of-south-america
Three Sisters (Oregon),,Oregon,Cascade Range,3158.5,1704.75,,44.1035,-121.7693,list-of-ultras-of-north-america
Cordillera los Pichacos,Cordillera los Pichacos,,,3630.0,1704.0,1926.0,,,list-of-ultras-of-south-america
Devils Paw,,Alaska,Coast Mountains,2593.0,1703.0,,58.7289,-133.8402,list-of-ultras-of-north-america
Gunung Karang,Gunung Karang,Java,,1778.0,1703.0,75.0,,,list-of-ultras-of-the-malay-archipelago
Mount Trusmadi,Mount Trusmadi,Borneo,,2643.0,1703.0,940.0,,,list-of-ultras-of-the-malay-archipelago
Rongme Ngatra,Rongme Ngatra,,,6168.0,1703.0,4465.0,,,list-of-ultras-of-tibet-east-asia-and-neighbouring-areas
Teram Kangri,Teram Kangri,&nbsp;/&nbsp;,,7464.0,1703.0,5761.0,,,list-of-ultras-of-the-karakoram-and-hindu-kush
Montaña San Ildefonso,,,Cortés,2242.0,1702.0,,15.5167,-88.2333,list-of-ultras-of-north-america
Mount Giona,Mount Giona,,,2510.0,1702.0,808.0,,,list-of-european-ultra-prominent-peaks
San Lucas,Cerro San Lucas,,,2270.0,1702.0,568.0,,,list-of-ultras-of-south-america
Yanamax,Yanamax,,,6357.0,1702.0,4655.0,,,list-of-ultras-of-central-asia
Broad Peak,Broad Peak,&nbsp;/&nbsp;,,8051.0,1701.0,6350.0,,,list-of-ultras-of-the-karakoram-and-hindu-kush
Copiapó,Copiapó (volcano),,,6052.0,1701.0,4351.0,,,list-of-ultras-of-south-america
Mount Sarawaget,Mount Bangeta,,,4121.0,1701.0,2420.0,,,list-of-ultras-of-oceania
Großer Priel,Großer Priel,,,2515.0,1700.0,,,,list-of-european-ultra-prominent-peaks
Mount Friesland,Mount Friesland,Livingston Island,,1700.0,1700.0,0.0,,,list-of-ultras-of-antarctica
Kubi Gangri,Kubi Gangri,&nbsp;/&nbsp;,,6859.0,1699.0,5160.0,,,list-of-ultras-of-the-himalayas
Mount Melbourne,Mount Melbourne,,,2730.0,1699.0,1031.0,,,list-of-ultras-of-antarctica
Kuh-e Karkas,Kuh-e Karkas,,Iranian plateau,3870.0,1698.0,2172.0,,,list-of-ultras-of-west-asia
Kuh-kansifi,,,Zagros Mountains,3065.0,1697.0,1792.0,,,list-of-ultras-of-west-asia
Tarlha Ri,Tarlha Ri,,,6777.0,1697.0,5080.0,,,list-of-ultras-of-the-himalayas
Jirisan,Jirisan,,,1915.0,1696.0,219.0,,,list-of-ultras-of-northeast-asia
Mount Terror,Mount Terror (Antarctica),Ross Island,,3230.0,1696.0,1534.0,,,list-of-ultras-of-antarctica
Pukeashun Mountain,,British Columbia,Columbia Mountains,2301.0,1696.0,,51.2046,-119.2353,list-of-ultras-of-north-america
Morton Peak,,British Columbia,Columbia Mountains,2250.0,1695.0,,50.7653,-118.843,list-of-ultras-of-north-america
Mount Seattle,,Alaska,Saint Elias Mountains,3154.686,1695.0,,60.068,-139.1893,list-of-ultras-of-north-america
Cerro Roma,Cerro Roma,&nbsp;/&nbsp;,,3270.0,1694.0,1576.0,,,list-of-ultras-of-south-america
Hahn Land,,,Island of Greenland,1744.0,1694.0,,80.4333,-19.8333,list-of-ultras-of-north-america
Thunder Mountain (British Columbia),,British Columbia,Coast Mountains,2664.0,1694.0,,52.5531,-126.3698,list-of-ultras-of-north-america
Sierra Blanca (New Mexico),,New Mexico,Sacramento Mountains,3651.8,1692.558,,33.3743,-105.8087,list-of-ultras-of-north-america
Dahei Shan,Dahei Shan,,,3963.0,1692.0,2271.0,,,list-of-ultras-of-central-asia
Jiankho Shan,Jiankho Shan,,,5300.0,1692.0,3608.0,,,list-of-ultras-of-tibet-east-asia-and-neighbouring-areas
Cerros de Pereyra,Cerros de Pereyra,,,2640.0,1690.0,950.0,,,list-of-ultras-of-south-america
Mount Kadam,Mount Kadam,,,3063.0,1690.0,1373.0,,,list-of-ultras-of-africa
Mount Smith,Mount Smith (Ethiopia),,,2560.0,1690.0,870.0,,,list-of-ultras-of-africa
Orulgan,Orulgan,,,2409.0,1690.0,719.0,,,list-of-ultras-of-northeast-asia
Pico Almanzor,Pico Almanzor,,,2592.0,1690.0,902.0,,,list-of-european-ultra-prominent-peaks
Point 4911,Point 4911,,,4911.0,1690.0,3221.0,,,list-of-ultras-of-tibet-east-asia-and-neighbouring-areas
Cerro Mesón,Cerro Mesón,,,2636.0,1688.0,948.0,,,list-of-ultras-of-south-america
Cumbres Calchaquies,Cumbres Calchaquies,,,4740.0,1688.0,3052.0,,,list-of-ultras-of-south-america
Mtorwi,Mtorwi,,,2980.0,1688.0,1292.0,,,list-of-ultras-of-africa
Altan Hohiy,Altan Hohiy,,,3350.0,1687.0,1663.0,,,list-of-ultras-of-central-asia
Cerro Raya,Cerro Raya,,,2070.0,1686.0,384.0,,,list-of-ultras-of-south-america
Gora Imeni Fuchika,Gora Imeni Fuchika,,,4573.0,1686.0,2887.0,,,list-of-ultras-of-central-asia
Grigna Settentrionale,Grigna Settentrionale,,,2409.0,1686.0,,,,list-of-european-ultra-prominent-peaks
Mila Kuh,Mila Kuh,,Eastern Iran,2888.0,1686.0,1202.0,,,list-of-ultras-of-west-asia
Ollagüe,Ollagüe,&nbsp;/&nbsp;,,5868.0,1686.0,4182.0,,,list-of-ultras-of-south-america
Pikes Peak,,Colorado,Front Range,4302.31,1685.547,,38.8405,-105.0442,list-of-ultras-of-north-america
Gora Mungun-Tayga,Gora Mungun-Tayga,,,3970.0,1685.0,2285.0,,,list-of-ultras-of-central-asia
Khan Tengri,Khan Tengri,&nbsp;/&nbsp;,,7010.0,1685.0,5310.0,,,list-of-ultras-of-central-asia
Dafla Range,Dafla Range,,,3776.0,1684.0,2092.0,,,list-of-ultras-of-the-himalayas
Mount Perseus (British Columbia),,British Columbia,Quesnel Highland,2553.0,1683.0,,52.3541,-120.5327,list-of-ultras-of-north-america
Tokinskiy Stanovik,Tokinskiy Stanovik,,,2380.0,1683.0,697.0,,,list-of-ultras-of-northeast-asia
Mount Russell (Alaska),,Alaska,Alaska Range,3557.023,1682.499,,62.7984,-151.8845,list-of-ultras-of-north-america
Point 5800,Point 5800,,,5800.0,1682.0,4118.0,,,list-of-ultras-of-the-himalayas
Jiaojin Shan,Jiaojin Shan,,,5734.0,1681.0,4053.0,,,list-of-ultras-of-tibet-east-asia-and-neighbouring-areas
Point 5641,Point 5641,&nbsp;/&nbsp;,,5641.0,1681.0,3960.0,,,list-of-ultras-of-the-himalayas
Farquhar Peak (British Columbia),,British Columbia,King Island,1679.0,1679.0,,52.3216,-127.3065,list-of-ultras-of-north-america
Gora Tastau,Gora Tastau,,,2993.0,1679.0,1314.0,,,list-of-ultras-of-central-asia
Monte Bondone,Monte Bondone,,,2180.0,1679.0,,,,list-of-european-ultra-prominent-peaks
Overseer Mountain,,British Columbia,Coast Mountains,2749.0,1679.0,,50.5288,-123.3809,list-of-ultras-of-north-america
Mount Nebo (Utah),,Utah,Wasatch Range,3637.057,1678.842,,39.8219,-111.7603,list-of-ultras-of-north-america
Antisana,Antisana,,,5704.0,1678.0,4026.0,,,list-of-ultras-of-south-america
Badi malika,Badi malika,,,4390.0,1678.0,2712.0,,,list-of-ultras-of-the-himalayas
Mount Archibald,,Yukon,Saint Elias Mountains,2588.0,1678.0,,60.7842,-137.8736,list-of-ultras-of-north-america
Mount Salak,Mount Salak,Java,,2211.0,1678.0,533.0,,,list-of-ultras-of-the-malay-archipelago
Pik Tandykul,Pik Tandykul,&nbsp;/&nbsp;,,5544.0,1677.0,3867.0,,,list-of-ultras-of-central-asia
Lyavirdyr,Lyavirdyr,,,6361.0,1676.0,4685.0,,,list-of-ultras-of-central-asia
Presanella,Presanella,,,3558.0,1676.0,,,,list-of-european-ultra-prominent-peaks
Talchako Mountain,,British Columbia,Coast Mountains,3037.0,1676.0,,52.0919,-126.0159,list-of-ultras-of-north-america
Kuh-e Takht,Kuh-e Takht,,Zagros Mountains,2975.0,1675.0,1300.0,,,list-of-ultras-of-west-asia
Mount Butak,Mount Butak,Java,,2868.0,1675.0,1193.0,,,list-of-ultras-of-the-malay-archipelago
Snøhetta,Snøhetta,,,2286.0,1675.0,611.0,,,list-of-european-ultra-prominent-peaks
Mazar Shan,Mazar Shan,,,6542.0,1674.0,4868.0,,,list-of-ultras-of-the-karakoram-and-hindu-kush
Rangrik Rang,Rangrik Rang,,,6684.0,1674.0,5010.0,,,list-of-ultras-of-the-himalayas
Sob Gangri,Sob Gangri,,,6224.0,1674.0,4550.0,,,list-of-ultras-of-tibet-east-asia-and-neighbouring-areas
Hathi Parbat,Hathi Parbat,,,6727.0,1673.0,5054.0,,,list-of-ultras-of-the-himalayas
Point 6310,Point 6310,,,6310.0,1673.0,4637.0,,,list-of-ultras-of-tibet-east-asia-and-neighbouring-areas
Soviet Constitution Peak,Soviet Constitution Peak,,,5281.0,1673.0,3608.0,,,list-of-ultras-of-central-asia
Cerro Elefantes,Cerro Elefantes,,,2000.0,1671.0,329.0,,,list-of-ultras-of-south-america
Phu Tra,Phu Tra,,,2540.0,1670.0,870.0,,,list-of-ultras-of-southeast-asia
Faisal Peak,,British Columbia,Coast Mountains,2239.0,1669.0,,56.8857,-130.5798,list-of-ultras-of-north-america
Kula Kangri,Kula Kangri,&nbsp;/&nbsp;,,7553.0,1669.0,5884.0,,,list-of-ultras-of-the-himalayas
Nuussuaq Peninsula,,,Island of Greenland,2144.0,1669.0,,70.6966,-52.9728,list-of-ultras-of-north-america
Whiting Peak (British Columbia),,British Columbia,Coast Mountains,2524.0,1669.0,,58.1389,-132.9346,list-of-ultras-of-north-america
Cerro Azul,Cerro Azul (Ecuador volcano),Isabela Island,,1689.0,1668.0,21.0,,,list-of-ultras-of-south-america
The Pinnacles (British Columbia),,British Columbia,Columbia Mountains,2573.0,1667.0,,50.1953,-118.229,list-of-ultras-of-north-america
Bu Gyai Kangri,Bu Gyai Kangri,,,6328.0,1666.0,4662.0,,,list-of-ultras-of-tibet-east-asia-and-neighbouring-areas
Jakupica,Jakupica,,,2540.0,1666.0,874.0,,,list-of-european-ultra-prominent-peaks
Këndrevica,Këndrevica,,,2121.0,1666.0,455.0,,,list-of-european-ultra-prominent-peaks
Birnhorn,Birnhorn,,,2634.0,1665.0,,,,list-of-european-ultra-prominent-peaks
Mount Bintumani,Mount Bintumani,,,1945.0,1665.0,280.0,,,list-of-ultras-of-africa
San Cristóbal Volcano,,,Cordillera Los Maribios,1745.0,1665.0,,12.7026,-87.0057,list-of-ultras-of-north-america
Volcán Tancítaro,,Michoacán,Cordillera Neovolcanica,3840.0,1665.0,,19.4166,-102.3198,list-of-ultras-of-north-america
Bewani Mountains,Bewani Mountains,,,1980.0,1664.0,316.0,,,list-of-ultras-of-oceania
Bumbag Khairkhan,Bumbag Khairkhan,,,3470.0,1664.0,1806.0,,,list-of-ultras-of-central-asia
Phu Soi Dao,Phu Soi Dao,&nbsp;/&nbsp;,,2120.0,1664.0,456.0,,,list-of-ultras-of-southeast-asia
Uyluk Tepe,Uyluk Tepe,,South West Anatolia,3016.0,1664.0,1352.0,,,list-of-ultras-of-west-asia
Mount Nirvana,,Northwest Territories,Mackenzie Mountains,2773.0,1663.0,,61.8752,-127.6807,list-of-ultras-of-north-america
Tsiafajavona,Ankaratra,,,2643.0,1663.0,980.0,,,list-of-ultras-of-africa
Point 2868,Point 2868,,,2868.0,1662.0,1206.0,,,list-of-ultras-of-south-america
Ili Boleng,Ili Boleng,Adonara,,1661.0,1661.0,0.0,,,list-of-ultras-of-the-malay-archipelago
Mount Busa,Mount Busa,Mindanao,,2030.0,1661.0,369.0,,,list-of-ultras-of-the-philippines
Mount Niut,Mount Niut,Borneo,,1701.0,1661.0,40.0,,,list-of-ultras-of-the-malay-archipelago
Mount Thomlinson,,British Columbia,Skeena Mountains,2451.0,1661.0,,55.5439,-127.4864,list-of-ultras-of-north-america
Cerro El Cóndor,Cerro El Cóndor,,,6414.0,1660.0,4754.0,,,list-of-ultras-of-south-america
Cumbre Salto del Fraile,Cumbre Salto del Fraile,,,4480.0,1660.0,2820.0,,,list-of-ultras-of-south-america
Kanjut Sar,Kanjut Sar,",",,7760.0,1660.0,6100.0,,,list-of-ultras-of-the-karakoram-and-hindu-kush
Point 6300,Point 6300,&nbsp;/&nbsp;,,6300.0,1660.0,4640.0,,,list-of-ultras-of-tibet-east-asia-and-neighbouring-areas
Selik Gulam Muztag,Selik Gulam Muztag,,,6691.0,1660.0,5031.0,,,list-of-ultras-of-tibet-east-asia-and-neighbouring-areas
Sillem Peak,,Nunavut,Sillem Island,1660.0,1660.0,,71.0018,-71.8531,list-of-ultras-of-north-america
Laikot,Laikot,,,2832.0,1659.0,1173.0,,,list-of-ultras-of-southeast-asia
Lehua Mountain,,British Columbia,Coast Mountains,2469.0,1659.0,,56.491,-130.771,list-of-ultras-of-north-america
Torra,Cerro Torra,,,2820.0,1659.0,1161.0,,,list-of-ultras-of-south-america
Bai Yi Zhai,Bai Yi Zhai,,,2323.0,1658.0,665.0,,,list-of-ultras-of-tibet-east-asia-and-neighbouring-areas
Chimata Tepuy,Chimata Tepuy,,,2675.0,1658.0,1017.0,,,list-of-ultras-of-south-america
Cordillera de los Cobardes,Cordillera de los Cobardes,,,3420.0,1658.0,1762.0,,,list-of-ultras-of-south-america
Hardersbjerg,,,Island of Greenland,1679.0,1658.0,,73.4333,-22.8333,list-of-ultras-of-north-america
Mount Bel,Mount Bel,,,1658.0,1658.0,0.0,,,list-of-ultras-of-oceania
Mount Lester Jones,,British Columbia,Coast Mountains,2408.0,1658.0,,58.7174,-133.2306,list-of-ultras-of-north-america
Snowshoe Peak,,Montana,Cabinet Mountains,2664.715,1657.506,,48.2231,-115.689,list-of-ultras-of-north-america
Cerro El Centinela,,Coahuila,Mexican Plateau,3122.0,1657.0,,25.1359,-103.2304,list-of-ultras-of-north-america
Changla,Changla,&nbsp;/&nbsp;,,6721.0,1657.0,5064.0,,,list-of-ultras-of-the-himalayas
Dedegol Tepesi,Dedegol Tepesi,,Taurus Mountains,2980.0,1657.0,1323.0,,,list-of-ultras-of-west-asia
Jeanette Peak,,British Columbia,Canadian Rockies,3089.0,1657.0,,52.6357,-118.6166,list-of-ultras-of-north-america
Kuh-e Mirza 'Arab,Kuh-e Mirza 'Arab,,Eastern Iran,2887.0,1657.0,1230.0,,,list-of-ultras-of-west-asia
Mount Elizabeth,Mount Elizabeth (Antarctica),,,4480.0,1657.0,2823.0,,,list-of-ultras-of-antarctica
Point 3030,Point 3030,,,3030.0,1656.0,1374.0,,,list-of-ultras-of-tibet-east-asia-and-neighbouring-areas
Mount Porsild,,Yukon,Coast Mountains,2545.0,1655.0,,60.084,-136.0154,list-of-ultras-of-north-america
Sangpang Bum,Sangpang Bum,,,2692.0,1655.0,1037.0,,,list-of-ultras-of-southeast-asia
Alvand,Alvand,,Zagros Mountains,3570.0,1654.0,1916.0,,,list-of-ultras-of-west-asia
Cerro Paniri,Cerro Paniri,,,5960.0,1653.0,4307.0,,,list-of-ultras-of-south-america
Sharktooth Mountain,,British Columbia,Cassiar Mountains,2668.0,1653.0,,58.5876,-127.9625,list-of-ultras-of-north-america
Pichincha,Pichincha Volcano,,,4794.0,1652.0,3142.0,,,list-of-ultras-of-south-america
''unnamed summit'',,,,1951.0,1651.0,300.0,,,list-of-ultras-of-oceania
Bulu Torompupu,Bulu Torompupu,Sulawesi,,2463.0,1651.0,812.0,,,list-of-ultras-of-the-malay-archipelago
El Aguacate Oeste,,Oaxaca,Sierra Madre del Sur,2830.0,1650.0,,16.5812,-95.8035,list-of-ultras-of-north-america
Peak Korzhenevskaya,Peak Korzhenevskaya,,,7105.0,1650.0,5455.0,,,list-of-ultras-of-central-asia
Picacho San Onofre,,Nuevo León,Sierra Madre Oriental,3550.0,1650.0,,23.8007,-99.8464,list-of-ultras-of-north-america
Ukpik Peak,,Nunavut,Baffin Island,1809.0,1650.0,,70.6882,-71.3232,list-of-ultras-of-north-america
North Schell Peak,,Nevada,Schell Creek Range,3625.6,1649.886,,39.4132,-114.5997,list-of-ultras-of-north-america
Hayford Peak,,Nevada,Sheep Range,3024.9,1649.581,,36.6577,-115.2008,list-of-ultras-of-north-america
Mount Forbes,,Alberta,Canadian Rockies,3617.0,1649.0,,51.86,-116.9316,list-of-ultras-of-north-america
Kitten Mountain,Kitten Mountain,,,2140.0,1647.0,493.0,,,list-of-ultras-of-tibet-east-asia-and-neighbouring-areas
Phou Khe,Phou Khe,&nbsp;/&nbsp;,,2079.0,1646.0,433.0,,,list-of-ultras-of-southeast-asia
Point 5716,Point 5716,,,5716.0,1646.0,4070.0,,,list-of-ultras-of-central-asia
Mount Foresta,,Alaska,Saint Elias Mountains,3368.047,1645.923,,60.1912,-139.4323,list-of-ultras-of-north-america
Star Peak (Nevada),,Nevada,Humboldt Range,2999.1,1645.923,,40.5224,-118.1708,list-of-ultras-of-north-america
Cerro Barros Arana,Cerro Barros Arana,,,2286.0,1645.0,641.0,,,list-of-ultras-of-south-america
Huandoy,Huandoy,,,6395.0,1645.0,4715.0,,,list-of-ultras-of-south-america
Upper Saddle Mountain,,British Columbia,Columbia Mountains,2330.0,1645.0,,50.1726,-117.9,list-of-ultras-of-north-america
Col Nudo,Col Nudo,,,2471.0,1644.0,,,,list-of-european-ultra-prominent-peaks
Ili Labalekang,Ili Labalekang,Lembata,,1644.0,1644.0,0.0,,,list-of-ultras-of-the-malay-archipelago
Mount Bandahara,Mount Bandahara,Sumatra,,3012.0,1644.0,1368.0,,,list-of-ultras-of-the-malay-archipelago
Bhalu Lek,Bhalu Lek,,,5425.0,1643.0,3782.0,,,list-of-ultras-of-the-himalayas
Inierie,Inierie,Flores,,2245.0,1643.0,602.0,,,list-of-ultras-of-the-malay-archipelago
Pointe Percée,Pointe Percée,,,2750.0,1643.0,,,,list-of-european-ultra-prominent-peaks
Veniaminof Peak,,Alaska,Baranof Island,1642.875,1642.875,,57.0151,-134.9882,list-of-ultras-of-north-america
Jbel Bou Naceur,Jbel Bou Naceur,,,3340.0,1642.0,1698.0,,,list-of-ultras-of-africa
Mount Tianzhu,Mount Tianzhu,,,1760.0,1642.0,118.0,,,list-of-ultras-of-tibet-east-asia-and-neighbouring-areas
Diamond Peak (Idaho),,Idaho,Lemhi Range,3719.3,1641.961,,44.1414,-113.0827,list-of-ultras-of-north-america
Flat Top Mountain (Utah),,Utah,Oquirrh Mountains,3238.311,1640.589,,40.3724,-112.1888,list-of-ultras-of-north-america
Hubris Peak,,British Columbia,Coast Mountains,2445.0,1640.0,,56.5518,-130.9733,list-of-ultras-of-north-america
Lars Christensen Peak,Lars Christensen Peak,Peter I Island,,1640.0,1640.0,0.0,,,list-of-ultras-of-antarctica
Ayrybaba,Ayrybaba,&nbsp;/&nbsp;,,3138.0,1639.0,1498.0,,,list-of-ultras-of-central-asia
Dome A,Dome A,,,4091.0,1639.0,2452.0,,,list-of-ultras-of-antarctica
Kioto Mountains,Kioto Mountains,Mindanao,,1816.0,1639.0,177.0,,,list-of-ultras-of-the-philippines
Tupeq Mountain,,Nunavut,Baffin Island,2020.0,1638.0,,66.5737,-65.0717,list-of-ultras-of-north-america
Mount Discovery,Mount Discovery,,,2680.0,1637.0,1043.0,,,list-of-ultras-of-antarctica
Mount Hiuchi,Mount Hiuchi,Honshū,,2462.0,1637.0,825.0,,,list-of-ultra-prominent-peaks-of-japan
Bumhpa Bum,Bumhpa Bum,,,3411.0,1636.0,1775.0,,,list-of-ultras-of-southeast-asia
Mount Kumawa,Mount Kumawa,New Guinea,,1680.0,1636.0,44.0,,,list-of-ultras-of-oceania;list-of-ultras-of-the-malay-archipelago
Mount Taylor,Mount Taylor (New Zealand),,,2333.0,1636.0,698.0,,,list-of-ultras-of-oceania
Bearhole Peak,,Alaska,Saint Elias Mountains,2595.987,1635.865,,60.9283,-142.5237,list-of-ultras-of-north-america
Mount Steller (Chugach Mountains),,Alaska,Chugach Mountains,3204.978,1635.255,,60.5199,-143.0932,list-of-ultras-of-north-america
Jebel Raymah,Jebel Raymah,,Arabian Highlands,2920.0,1635.0,1285.0,,,list-of-ultras-of-west-asia
Klosterbjerge,,,Island of Greenland,2410.0,1635.0,,72.25,-25.95,list-of-ultras-of-north-america
Kuh-e Bagh-e Bala,Kuh-e Bagh-e Bala,,Hazaran,3775.0,1635.0,2140.0,,,list-of-ultras-of-west-asia
Mount Patah,Mount Patah,Sumatra,,2850.0,1635.0,1215.0,,,list-of-ultras-of-the-malay-archipelago
Nevado Queva,Nevado Queva,,,6140.0,1635.0,4505.0,,,list-of-ultras-of-south-america
Cerro Huemules,Cerro Huemules,,,1910.0,1634.0,276.0,,,list-of-ultras-of-south-america
Daisen,Daisen (mountain),Honshū,,1729.0,1634.0,95.0,,,list-of-ultra-prominent-peaks-of-japan
Point 6135,Point 6135,,,6135.0,1634.0,4501.0,,,list-of-ultras-of-tibet-east-asia-and-neighbouring-areas
Stokap,Stokap,Iturup,,1634.0,1634.0,0.0,,,list-of-ultras-of-northeast-asia
Cerro Castillo,,&nbsp;/&nbsp;,,5468.0,1633.0,3835.0,,,list-of-ultras-of-south-america
Himalchuli,Himalchuli,,,7893.0,1633.0,6260.0,,,list-of-ultras-of-the-himalayas
Huantsán,Huantsán,,,6369.0,1633.0,4736.0,,,list-of-ultras-of-south-america
Mount Verne,Mount Verne,Pourquoi Pas Island,,1632.0,1632.0,0.0,,,list-of-ultras-of-antarctica
Qingagssat Qaqit,,,Island of Greenland,1782.0,1632.0,,60.5654,-44.6949,list-of-ultras-of-north-america
Mount Stuart,,Washington,Wenatchee Mountains,2871.086,1631.902,,47.4751,-120.9024,list-of-ultras-of-north-america
Mush Muztagh,Mush Muztagh,,,6638.0,1631.0,5007.0,,,list-of-ultras-of-tibet-east-asia-and-neighbouring-areas
Aggio,Aggio (mountain),,,3358.0,1630.0,1728.0,,,list-of-ultras-of-africa
Fuss Peak,Fuss Peak,Paramushir,,1772.0,1630.0,142.0,,,list-of-ultras-of-northeast-asia
Jinping Shan,Jinping Shan,,,4420.0,1630.0,2790.0,,,list-of-ultras-of-tibet-east-asia-and-neighbouring-areas
Mount Haddington,Mount Haddington,James Ross Island,,1630.0,1630.0,0.0,,,list-of-ultras-of-antarctica
Mount Mambajao,Mount Mambajao,Camiguin,,1630.0,1630.0,0.0,,,list-of-ultras-of-the-philippines
Nenang,Nenang,,,6870.0,1630.0,5240.0,,,list-of-ultras-of-tibet-east-asia-and-neighbouring-areas
Udina,Udina,,,2920.0,1630.0,1290.0,,,list-of-ultras-of-northeast-asia
Mont Panié,Mont Panié,,,1628.0,1628.0,0.0,,,list-of-ultras-of-oceania
Mount Ainos,Mount Ainos,Kefalonia,,1628.0,1628.0,0.0,,,list-of-european-ultra-prominent-peaks
Mount Judge Howay,,British Columbia,Coast Mountains,2262.0,1627.0,,49.5072,-122.3218,list-of-ultras-of-north-america
Dama Blanca,Dama Blanca,,,1925.0,1626.0,299.0,,,list-of-ultras-of-south-america
Tres Virgenes,,Baja California Sur,Tres Virgenes,1951.0,1626.0,,27.47,-112.5919,list-of-ultras-of-north-america
Benjiwo,Benjiwo,,,1953.0,1625.0,328.0,,,list-of-ultras-of-tibet-east-asia-and-neighbouring-areas
Ejnar Mikkelsen Fjeld,,,Island of Greenland,3325.0,1625.0,,68.8957,-28.6279,list-of-ultras-of-north-america
Kuh-e Aq Dagh,Kuh-e Aq Dagh,,Alborz Mountains,3321.0,1625.0,1696.0,,,list-of-ultras-of-west-asia
Mong Ling Shan,Mong Ling Shan,,,2641.0,1625.0,1016.0,,,list-of-ultras-of-southeast-asia
Point 4260,Point 4260,,,4260.0,1625.0,2635.0,,,list-of-ultras-of-tibet-east-asia-and-neighbouring-areas
Cerro Norte,Cerro Norte,,,2730.0,1624.0,1106.0,,,list-of-ultras-of-south-america
Cerro del Tambillo,Cerro del Tambillo,,,5680.0,1624.0,4056.0,,,list-of-ultras-of-south-america
Chogolisa,Chogolisa,",",,7668.0,1624.0,6044.0,,,list-of-ultras-of-the-karakoram-and-hindu-kush
Jiuling Shan,Jiuling Shan,,,1790.0,1624.0,166.0,,,list-of-ultras-of-tibet-east-asia-and-neighbouring-areas
Tarka La,Tarka La,,,4735.0,1624.0,3111.0,,,list-of-ultras-of-the-himalayas
Blanca Peak,,Colorado,Sangre de Cristo Mountains,4374.12,1623.368,,37.5775,-105.4856,list-of-ultras-of-north-america
Phu Xai Lai Leng,Phu Xai Lai Leng,&nbsp;/&nbsp;,,2720.0,1623.0,1097.0,,,list-of-ultras-of-southeast-asia
Cordón Los Ñadis,Cordón Los Ñadis,,,1780.0,1622.0,158.0,,,list-of-ultras-of-south-america
Jabal al-Lawz,Jabal al-Lawz,,Arabian Highlands,2580.0,1622.0,958.0,,,list-of-ultras-of-west-asia
Pangpoche,Pangpoche,,,6620.0,1622.0,4998.0,,,list-of-ultras-of-the-himalayas
Saltag-Tas,Saltag-Tas,,,2021.0,1622.0,399.0,,,list-of-ultras-of-northeast-asia
Shikengkong,Shikengkong,,,1895.0,1622.0,273.0,,,list-of-ultras-of-tibet-east-asia-and-neighbouring-areas
Mount McClintock,Mount McClintock,,,3490.0,1621.0,1869.0,,,list-of-ultras-of-antarctica
Kuh-e Hezar Darreh,Kuh-e Hezar Darreh,,Zagros Mountains,3880.0,1620.0,2260.0,,,list-of-ultras-of-west-asia
Mentolat,Mentolat,Magdalena Island,,1620.0,1620.0,0.0,,,list-of-ultras-of-south-america
Sierra de Santa Martha,,Veracruz,Cordillera Neovolcanica,1690.0,1620.0,,18.3455,-94.8576,list-of-ultras-of-north-america
Udren Zom,Udren Zom,,,7140.0,1620.0,5520.0,,,list-of-ultras-of-the-karakoram-and-hindu-kush
Mount Victoria,"Mount Victoria, Palawan",Palawan,,1709.0,1619.0,90.0,,,list-of-ultras-of-the-philippines
Mizri Ghar,Mizri Ghar,,,3111.0,1618.0,1493.0,,,list-of-ultras-of-the-karakoram-and-hindu-kush
Point 6086,Point 6086,,,6086.0,1618.0,4468.0,,,list-of-ultras-of-the-himalayas
Mount Ossa,Mount Ossa (Tasmania),,,1617.0,1617.0,0.0,,,list-of-ultras-of-oceania
Mount Pattullo,,British Columbia,Coast Mountains,2727.0,1617.0,,56.2339,-129.6576,list-of-ultras-of-north-america
Touak Peak,,Nunavut,Baffin Island,1840.0,1617.0,,66.1519,-63.4918,list-of-ultras-of-north-america
Trisul,Trisul,,,7120.0,1616.0,5504.0,,,list-of-ultras-of-the-himalayas
Mount Miller,,Alaska,Chugach Mountains,3276.607,1615.443,,60.4605,-142.3012,list-of-ultras-of-north-america
Agssaussat,,,Island of Greenland,2140.0,1615.0,,65.8833,-52.1167,list-of-ultras-of-north-america
Panchchuli,Panchchuli,,,6904.0,1614.0,5290.0,,,list-of-ultras-of-the-himalayas
Samdain Kangsang,Samdain Kangsang,,,6590.0,1614.0,4976.0,,,list-of-ultras-of-tibet-east-asia-and-neighbouring-areas
Fansipan,Fansipan,,,3143.0,1613.0,1530.0,,,list-of-ultras-of-southeast-asia
Kloftbjerge,,,Island of Greenland,2163.0,1613.0,,71.3333,-25.75,list-of-ultras-of-north-america
Mount Nikkō-Shirane,Mount Nikkō-Shirane,Honshū,,2578.0,1613.0,965.0,,,list-of-ultra-prominent-peaks-of-japan
Mount Tatlow,,British Columbia,Coast Mountains,3063.0,1613.0,,51.3843,-123.8641,list-of-ultras-of-north-america
Cerro Penitentes,Cerro Penitentes,,,2943.0,1612.0,1331.0,,,list-of-ultras-of-south-america
Djebel Chélia,Djebel Chélia,,,2328.0,1612.0,716.0,,,list-of-ultras-of-africa
Fengari,Fengari,Samothrace,,1611.0,1611.0,0.0,,,list-of-european-ultra-prominent-peaks
Kogantag,Kogantag,,,4800.0,1611.0,3189.0,,,list-of-ultras-of-tibet-east-asia-and-neighbouring-areas
Obi Island,Obira,Obi,,1611.0,1611.0,0.0,,,list-of-ultras-of-the-malay-archipelago
Carlisle Volcano,,Alaska,Carlisle Island,1610.262,1610.262,,52.8913,-170.058,list-of-ultras-of-north-america
Argun North,Argun North,,,3405.0,1610.0,1795.0,,,list-of-ultras-of-africa
Bakening,Bakening,,,2276.0,1610.0,666.0,,,list-of-ultras-of-northeast-asia
Cerro Situación,Cerro Situación,,,2250.0,1610.0,640.0,,,list-of-ultras-of-south-america
Dapha Bum,Dapha Bum,,,4578.0,1610.0,2968.0,,,list-of-ultras-of-southeast-asia
Mount Tama,Mount Tama,,,2489.0,1610.0,879.0,,,list-of-ultras-of-africa
Rào Cỏ,Rào Cỏ Mountain,&nbsp;/&nbsp;,,2286.0,1610.0,676.0,,,list-of-ultras-of-southeast-asia
Salliaruseq Island,,,Salliaruseq Island,1610.0,1610.0,,64.3913,-51.1134,list-of-ultras-of-north-america
Seulawah Agam,Seulawah Agam,Sumatra,,1810.0,1610.0,200.0,,,list-of-ultras-of-the-malay-archipelago
Vilyuchik,Vilyuchik,,,2173.0,1610.0,563.0,,,list-of-ultras-of-northeast-asia
Mount Timpanogos,,Utah,Wasatch Range,3582.0,1609.042,,40.3908,-111.6459,list-of-ultras-of-north-america
Corsan Peak,,British Columbia,Coast Mountains,1934.0,1609.0,,51.0175,-126.4058,list-of-ultras-of-north-america
Datian Ding,Datian Ding,,,1704.0,1609.0,95.0,,,list-of-ultras-of-tibet-east-asia-and-neighbouring-areas
Gora Lopatina,Gora Lopatina,Sakhalin,,1609.0,1609.0,0.0,,,list-of-ultras-of-northeast-asia
Hudson Bay Mountain,,British Columbia,Coast Mountains,2589.0,1609.0,,54.8116,-127.3396,list-of-ultras-of-north-america
Jbel Igdet,Jbel Igdet,,,3615.0,1609.0,2006.0,,,list-of-ultras-of-africa
Kuh-e Rag,Kuh-e Rag,,Zagros Mountains,3661.0,1609.0,2052.0,,,list-of-ultras-of-west-asia
Acamarachi,Acamarachi,,,6046.0,1608.0,4438.0,,,list-of-ultras-of-south-america
Mount Fryatt,,Alberta,Canadian Rockies,3361.0,1608.0,,52.5503,-117.9104,list-of-ultras-of-north-america
Bashful Peak,,Alaska,Chugach Mountains,2439.929,1607.823,,61.3076,-148.8697,list-of-ultras-of-north-america
Moussa Ali,Mousa Ali,&nbsp;/&nbsp;&nbsp;/&nbsp;,,2021.0,1607.0,414.0,,,list-of-ultras-of-africa
Basement Peak,,British Columbia,Saint Elias Mountains,2706.0,1606.0,,59.3551,-137.1614,list-of-ultras-of-north-america
Bharanzar,Sickle Moon Peak,,,6574.0,1606.0,4968.0,,,list-of-ultras-of-the-himalayas
Ibapah Peak,,Utah,Deep Creek Range,3685.642,1605.385,,39.8282,-113.92,list-of-ultras-of-north-america
Bada,Bada (mountain),,,4195.0,1605.0,2590.0,,,list-of-ultras-of-africa
Gran Campo Nevado,Gran Campo Nevado,,,1640.0,1605.0,35.0,,,list-of-ultras-of-south-america
Kisimngiuqtuq Peak,,Nunavut,Baffin Island,1905.0,1605.0,,70.7993,-71.6502,list-of-ultras-of-north-america
Clavering Island,,,Clavering Island,1604.0,1604.0,,74.3667,-21.1833,list-of-ultras-of-north-america
Kabobo,Kabobo,,,2725.0,1604.0,1121.0,,,list-of-ultras-of-africa
Cerro Risco Plateado,Cerro Risco Plateado,,,4999.0,1602.0,3397.0,,,list-of-ultras-of-south-america
Monmouth Mountain,,British Columbia,Coast Mountains,3182.0,1602.0,,50.9924,-123.79,list-of-ultras-of-north-america
Santa Ana Volcano,,,Sierra Madre de Chiapas,2362.0,1602.0,,13.8557,-89.6288,list-of-ultras-of-north-america
Belaya,Mount Belaya,,,2731.0,1601.0,1130.0,,,list-of-ultras-of-africa
Bilchhar Dobani,Bilchhar Dobani,",",,6143.0,1601.0,4542.0,,,list-of-ultras-of-the-karakoram-and-hindu-kush
Kuh-e Namak,Kuh-e Namak (Jahrom),,Zagros Mountains,2846.0,1601.0,1245.0,,,list-of-ultras-of-west-asia
Mingan Mountains,Mingan Mountains,Luzon,,1901.0,1601.0,300.0,,,list-of-ultras-of-the-philippines
Tunupa,Tunupa,,,5321.0,1601.0,3720.0,,,list-of-ultras-of-south-america
Cerro Pietrobelli,Cerro Pietrobelli,&nbsp;/&nbsp;,,2850.0,1600.0,1250.0,,,list-of-ultras-of-south-america
Gauri Sankar,Gauri Sankar,,,7146.0,1600.0,5546.0,,,list-of-ultras-of-the-himalayas
Jebel Khadar,Jebel Khadar,,Al Hajar Mountains,2200.0,1600.0,600.0,,,list-of-ultras-of-west-asia
Kalmuk Kangri,Kalmuk Kangri,,,6952.0,1600.0,5352.0,,,list-of-ultras-of-the-karakoram-and-hindu-kush
Mount Ovington,,British Columbia,Hart Ranges,2949.0,1600.0,,54.1433,-120.574,list-of-ultras-of-north-america
Kawaikini,,,,1598.07,1598.07,22.0586,22.0586,-159.4973,list-of-ultras-of-oceania
Karkoor,Mount Karkoor,,,2120.0,1598.0,522.0,,,list-of-ultras-of-africa
Mount Brewster,Mount Brewster (Antarctica),,,2025.0,1598.0,427.0,,,list-of-ultras-of-antarctica
Skippers Range,Skippers Range,,,1648.0,1598.0,50.0,,,list-of-ultras-of-oceania
She Devil (mountain),,Idaho,Seven Devils Mountains,2872.587,1597.155,,45.324,-116.5406,list-of-ultras-of-north-america
Tetlin Peak,,Alaska,Alaska Range,2549.657,1597.155,,62.6215,-143.1084,list-of-ultras-of-north-america
Jôf di Montasio,Jôf di Montasio,,,2753.0,1597.0,,,,list-of-european-ultra-prominent-peaks
Kuh-e Jupar,Kuh-e Jupar,,Hazaran,4150.0,1597.0,2553.0,,,list-of-ultras-of-west-asia
Loe Nekan,Loe Nekan,,,3575.0,1597.0,1985.0,,,list-of-ultras-of-the-karakoram-and-hindu-kush
Mount Maybole,Mount Maybole,,,1665.0,1597.0,68.0,,,list-of-ultras-of-oceania
Pik Agasis,Pik Agasis,,,5877.0,1597.0,4280.0,,,list-of-ultras-of-central-asia
Loi Pangnao,Loi Pangnao,,,2563.0,1596.0,967.0,,,list-of-ultras-of-southeast-asia
Mount Chersky,Mount Chersky,,,2588.0,1596.0,992.0,,,list-of-ultras-of-northeast-asia
Mount Shaman,Mount Shaman,,,2363.0,1596.0,767.0,,,list-of-ultras-of-northeast-asia
Schweizerland,,,Island of Greenland,1671.0,1596.0,,66.1203,-37.442,list-of-ultras-of-north-america
Yujing Feng,Yujing Feng,,,1810.0,1596.0,214.0,,,list-of-ultras-of-tibet-east-asia-and-neighbouring-areas
Arc Dome,,Nevada,Toiyabe Range,3590.083,1595.022,,38.8327,-117.3531,list-of-ultras-of-north-america
Callejon Canapa,Callejon Canapa,,,5900.0,1595.0,4305.0,,,list-of-ultras-of-south-america
Mount Muria,Mount Muria,Java,,1602.0,1595.0,7.0,,,list-of-ultras-of-the-malay-archipelago
Mount Ntringui,Mount Ntringui,Anjouan,,1595.0,1595.0,0.0,,,list-of-ultras-of-africa
Radomir,Radomir (mountain),&nbsp;/&nbsp;,,2031.0,1595.0,436.0,,,list-of-european-ultra-prominent-peaks
Chaukhamba,Chaukhamba,,,7138.0,1594.0,5544.0,,,list-of-ultras-of-the-himalayas
Türgen,Türgen,,,4029.0,1594.0,2435.0,,,list-of-ultras-of-central-asia
Lassen Peak,,California,Cascade Range,3188.7,1593.802,,40.4882,-121.505,list-of-ultras-of-north-america
Mount Dainichi,Mount Iide,Honshū,,2128.0,1593.0,535.0,,,list-of-ultra-prominent-peaks-of-japan
Qilian Shan,Qilian Shan,,,5547.0,1593.0,4982.0,,,list-of-ultras-of-tibet-east-asia-and-neighbouring-areas
Toussidé,Toussidé,,,3315.0,1593.0,1722.0,,,list-of-ultras-of-africa
Mont Mohi,Mont Mohi,,,3480.0,1592.0,1888.0,,,list-of-ultras-of-africa
Nanda Kot,Nanda Kot,,,6861.0,1592.0,5269.0,,,list-of-ultras-of-the-himalayas
Mount Addenbroke,,British Columbia,East Redonda Island,1591.0,1591.0,,50.2316,-124.6861,list-of-ultras-of-north-america
Cerro Puño,Cerro Puño,,,2200.0,1590.0,610.0,,,list-of-ultras-of-south-america
Cerro las Capillas,,Jalisco,Jalisco,2890.0,1590.0,,19.5552,-104.1472,list-of-ultras-of-north-america
Finchuiyanou Range,Finchuiyanou Range,,,3580.0,1590.0,1990.0,,,list-of-ultras-of-tibet-east-asia-and-neighbouring-areas
Mount Parnassus,Mount Parnassus,,,2457.0,1590.0,867.0,,,list-of-european-ultra-prominent-peaks
Mount Ragang,Mount Ragang,Mindanao,,2815.0,1590.0,1225.0,,,list-of-ultras-of-the-philippines
Tomasamil,Tomasamil,,,5830.0,1590.0,4240.0,,,list-of-ultras-of-south-america
Cabaray,Cabaray,,,5869.0,1589.0,4280.0,,,list-of-ultras-of-south-america
Estero Peak,,British Columbia,Coast Mountains,1664.0,1589.0,,50.462,-125.186,list-of-ultras-of-north-america
Pakhain Range,Pakhain Range,&nbsp;/&nbsp;,,2780.0,1589.0,1191.0,,,list-of-ultras-of-southeast-asia
Point 2519,Point 2519,,,2519.0,1589.0,930.0,,,list-of-ultras-of-southeast-asia
Buyu Balease,Buyu Balease,Sulawesi,,3016.0,1588.0,1428.0,,,list-of-ultras-of-the-malay-archipelago
Sangay,Sangay,,,5300.0,1588.0,3712.0,,,list-of-ultras-of-south-america
Mocho-Choshuenco,Mocho-Choshuenco,,,2422.0,1587.0,835.0,,,list-of-ultras-of-south-america
Jabal Sabir,Jabal Sabir,,Arabian Highlands,3006.0,1586.0,1420.0,,,list-of-ultras-of-west-asia
Mulkila,Mulkila,,,6517.0,1586.0,4931.0,,,list-of-ultras-of-the-himalayas
Agdleruussakasit,,,Island of Greenland,1763.0,1585.0,,60.1364,-44.5293,list-of-ultras-of-north-america
Kolahoi,Kolahoi,,,5425.0,1585.0,3840.0,,,list-of-ultras-of-the-himalayas
Kuh-e Mohammadabad,Kuh-e Mohammadabad,,Iranian plateau,3592.0,1585.0,2007.0,,,list-of-ultras-of-west-asia
Margaretatopp,,,Island of Greenland,2360.0,1585.0,,73.3667,-26.3,list-of-ultras-of-north-america
Paatuut,,,Island of Greenland,2010.0,1585.0,,70.2966,-52.7017,list-of-ultras-of-north-america
Tulu Tuloi II,Tulu Tuloi II,,,1780.0,1584.0,196.0,,,list-of-ultras-of-south-america
Cleopatra's Needle,,Palawan,,1608.0,1582.0,26.0,,,list-of-ultras-of-the-philippines
Mount Deborah,,Alaska,Alaska Range,3760.935,1581.61,,63.6377,-147.2384,list-of-ultras-of-north-america
Mont Forel,,,Island of Greenland,3391.0,1581.0,,66.9354,-36.7873,list-of-ultras-of-north-america
Mount Sicapoo,Mount Sicapoo,Luzon,,2361.0,1581.0,780.0,,,list-of-ultras-of-the-philippines
Necons Peak,,Alaska,Alaska Range,2540.818,1580.696,,61.1125,-153.469,list-of-ultras-of-north-america
Cerro Zempoaltépetl,,Oaxaca,Sierra Madre del Sur,3420.0,1580.0,,17.1324,-96.0125,list-of-ultras-of-north-america
Goat Mountain (Canada),,British Columbia,Coast Mountains,2855.0,1580.0,,50.6237,-122.26,list-of-ultras-of-north-america
Huidu Matabulawa,Huidu Matabulawa,Sulawesi,,1964.0,1580.0,384.0,,,list-of-ultras-of-the-malay-archipelago
Shahi Kangri,Shahi Kangri,,,6934.0,1580.0,5354.0,,,list-of-ultras-of-tibet-east-asia-and-neighbouring-areas
Boz Dag,Mount Tmolus,,Western Anatolia,2156.0,1579.0,577.0,,,list-of-ultras-of-west-asia
Concepción (volcano),,,Rivas,1610.0,1579.0,,11.538,-85.6226,list-of-ultras-of-north-america
Durbin Kangri,Durbin Kangri,,,6824.0,1579.0,5245.0,,,list-of-ultras-of-the-karakoram-and-hindu-kush
Mölltaler Polinik,Mölltaler Polinik,,,2784.0,1579.0,,,,list-of-european-ultra-prominent-peaks
Abercrombie Mountain,,Washington,Columbia Mountains,2228.828,1578.258,,48.9284,-117.46,list-of-ultras-of-north-america
Haizi Shan,Haizi Shan,,,5820.0,1578.0,4242.0,,,list-of-ultras-of-tibet-east-asia-and-neighbouring-areas
Kezhen Peak,Kezhen Peak,,,7038.0,1578.0,5460.0,,,list-of-ultras-of-the-karakoram-and-hindu-kush
Mönkh Saridag,Mönkh Saridag,&nbsp;/&nbsp;,,3491.0,1578.0,1913.0,,,list-of-ultras-of-central-asia
Pico Pijol,,,Yoro,2320.0,1578.0,,15.1833,-87.5667,list-of-ultras-of-north-america
Puy de Sancy,Puy de Sancy,,,1885.0,1578.0,307.0,,,list-of-european-ultra-prominent-peaks
Mount Lemmon,,Arizona,Santa Catalina Mountains,2792.063,1577.953,,32.443,-110.7885,list-of-ultras-of-north-america
Monte Cimone,Monte Cimone,,,2165.0,1577.0,588.0,,,list-of-european-ultra-prominent-peaks
Adelbert Range,Adelbert Range,,,1716.0,1576.0,140.0,,,list-of-ultras-of-oceania
Batu Jumak,Batu Jumak,Borneo,,2250.0,1576.0,674.0,,,list-of-ultras-of-the-malay-archipelago
Store Lenangstind,Store Lenangstind,,,1624.0,1576.0,48.0,,,list-of-european-ultra-prominent-peaks
Blaskbjerg,,,Island of Greenland,1600.0,1575.0,,73.3,-24.0333,list-of-ultras-of-north-america
Cerro Tebenquicho,Cerro Tebenquicho,,,5810.0,1575.0,4238.0,,,list-of-ultras-of-south-america
Cheekha Dar,Cheekha Dar,/,Zagros Mountains,3611.0,1575.0,2036.0,,,list-of-ultras-of-west-asia
Cumbal,Cumbal Volcano,,,4760.0,1575.0,3185.0,,,list-of-ultras-of-south-america
Planchón-Peteroa,Planchón-Peteroa,&nbsp;/&nbsp;,,4084.0,1575.0,2509.0,,,list-of-ultras-of-south-america
Villarrica,Villarrica (volcano),,,2860.0,1575.0,1285.0,,,list-of-ultras-of-south-america
Barla Dagi,Barla Dagi,,Taurus Mountains,2800.0,1574.0,1226.0,,,list-of-ultras-of-west-asia
Mount Baco,Mount Baco,Mindoro,,2364.0,1574.0,790.0,,,list-of-ultras-of-the-philippines
Mount Gumuyuan,Mount Gumuyuan,,,1857.1,1574.0,283.0,,,list-of-ultras-of-tibet-east-asia-and-neighbouring-areas
Kaza Mountain,,British Columbia,Columbia Mountains,2543.0,1573.0,,53.0711,-121.0089,list-of-ultras-of-north-america
Gareloi Volcano,,Alaska,Gareloi Island,1572.771,1572.771,,51.788,-178.794,list-of-ultras-of-north-america
Bukit Batu,Bukit Batu,Borneo,,2040.0,1572.0,468.0,,,list-of-ultras-of-the-malay-archipelago
Cherang'any Hills,Cherang'any Hills,,,3530.0,1572.0,2009.0,,,list-of-ultras-of-africa
Huaytapallana,Huaytapallana,,,5557.0,1572.0,3985.0,,,list-of-ultras-of-south-america
Kuh-e Ja'in,Kuh-e Ja'in,,Zagros Mountains,2980.0,1572.0,1408.0,,,list-of-ultras-of-west-asia
Meseta del Cerro Jaua,Meseta del Cerro Jaua,,,2395.0,1572.0,823.0,,,list-of-ultras-of-south-america
Bravo,Cerro Bravo (Peru),,,3970.0,1571.0,2399.0,,,list-of-ultras-of-south-america
HP Petra Pervogo Range,HP Petra Pervogo Range,,,4745.0,1571.0,3174.0,,,list-of-ultras-of-central-asia
Mount Cronin,,British Columbia,Skeena Mountains,2396.0,1571.0,,54.9301,-126.8638,list-of-ultras-of-north-america
Mount Saran,Mount Saran,Borneo,,1758.0,1571.0,187.0,,,list-of-ultras-of-the-malay-archipelago
Phnom Samkos,Phnom Samkos,,,1750.0,1571.0,179.0,,,list-of-ultras-of-southeast-asia
Rugged Mountain,,British Columbia,Vancouver Island,1861.0,1571.0,,50.0252,-126.6778,list-of-ultras-of-north-america
Chiêu Lầu Thi,Chiêu Lầu Thi,,,2402.0,1570.0,832.0,,,list-of-ultras-of-southeast-asia
Daming Shan,Daming Shan,,,1785.0,1570.0,215.0,,,list-of-ultras-of-tibet-east-asia-and-neighbouring-areas
Mount Bintang,Mount Bintang,,,1862.0,1570.0,292.0,,,list-of-ultras-of-southeast-asia
Mount Sambapolulu,Mount Sambapolulu,Kabaena,,1570.0,1570.0,0.0,,,list-of-ultras-of-the-malay-archipelago
Qullai Arnavad,Qullai Arnavad,,,5992.0,1570.0,4422.0,,,list-of-ultras-of-central-asia
Tödi,Tödi,,,3614.0,1570.0,,,,list-of-european-ultra-prominent-peaks
Wuhevi,Wuhevi,,,3095.0,1570.0,1525.0,,,list-of-ultras-of-africa
Zimin volcano,Zimin volcano,,,3080.0,1570.0,1510.0,,,list-of-ultras-of-northeast-asia
Chiricahua Peak,,Arizona,Chiricahua Mountains,2975.72,1569.418,,31.8456,-109.291,list-of-ultras-of-north-america
Point 5859,Point 5859,,,5859.0,1569.0,4290.0,,,list-of-ultras-of-central-asia
Botev Peak,Botev Peak,,,2376.0,1567.0,809.0,,,list-of-european-ultra-prominent-peaks
Stony Peak,,Alaska,Alaska Range,2587.148,1566.066,,61.495,-153.6224,list-of-ultras-of-north-america
Point 5971,Point 5971,,,5971.0,1566.0,4405.0,,,list-of-ultras-of-the-himalayas
Angemuk,Angemuk,New Guinea,,3949.0,1565.0,2384.0,,,list-of-ultras-of-oceania;list-of-ultras-of-the-malay-archipelago
Huidu Tentolomatinan,Huidu Tentolomatinan,Sulawesi,,2230.0,1565.0,665.0,,,list-of-ultras-of-the-malay-archipelago
Pietrosul Rodnei,Rodna Mountains,,,2303.0,1565.0,738.0,,,list-of-european-ultra-prominent-peaks
Birkkarspitze,Birkkarspitze,,,2749.0,1564.0,,,,list-of-european-ultra-prominent-peaks
Cerro Aguja Sur,Cerro Aguja Sur,&nbsp;/&nbsp;,,2230.0,1564.0,641.0,,,list-of-ultras-of-south-america
Marshakala Range,Marshakala Range,",",,5828.0,1564.0,4264.0,,,list-of-ultras-of-the-karakoram-and-hindu-kush
McBeth-Inugsuin Peak,,Nunavut,Baffin Island,1721.0,1564.0,,69.6524,-69.3059,list-of-ultras-of-north-america
Pico Sira,Pico Sira,,,2450.0,1564.0,886.0,,,list-of-ultras-of-south-america
Junkor,Junkor,&nbsp;/&nbsp;,,5373.0,1563.0,3810.0,,,list-of-ultras-of-the-himalayas
Kuh-e Bul,Kuh-e Bul,,Zagros Mountains,3943.0,1563.0,2380.0,,,list-of-ultras-of-west-asia
Point 5318,Point 5318,,,5318.0,1563.0,3755.0,,,list-of-ultras-of-central-asia
Point 5744,Point 5744,,,5744.0,1563.0,4181.0,,,list-of-ultras-of-tibet-east-asia-and-neighbouring-areas
Çikë,Çikë (mountain),,,2044.0,1563.0,481.0,,,list-of-european-ultra-prominent-peaks
Mount Eddy,,California,Klamath Mountains,2754.6,1562.103,,41.3196,-122.479,list-of-ultras-of-north-america
Mawhpung Bum,Mawhpung Bum,,,1874.0,1562.0,312.0,,,list-of-ultras-of-southeast-asia
San Vicente (volcano),,,Sierra Madre de Chiapas,2182.0,1562.0,,13.5965,-88.8376,list-of-ultras-of-north-america
Shah Dhar,Shah Dhar,&nbsp;/&nbsp;,,7038.0,1562.0,5476.0,,,list-of-ultras-of-the-karakoram-and-hindu-kush
Kazi Razi,Kazi Razi,,,6505.0,1561.0,4944.0,,,list-of-ultras-of-the-himalayas
Kispiox Mountain,,British Columbia,Skeena Mountains,2096.0,1561.0,,55.3985,-127.9435,list-of-ultras-of-north-america
Lunkho e Dosare,Lunkho e Dosare,&nbsp;/&nbsp;,,6901.0,1561.0,5340.0,,,list-of-ultras-of-the-karakoram-and-hindu-kush
Dzhata,Dzhata,,,3085.0,1560.0,1525.0,,,list-of-ultras-of-central-asia
Iztaccihuatl,,Puebla,Cordillera Neovolcanica,5230.0,1560.0,,19.1802,-98.6415,list-of-ultras-of-north-america
Molkooh,Molkooh,,Eastern Iran,2958.0,1560.0,1398.0,,,list-of-ultras-of-west-asia
Mount Gamkonora,Mount Gamkonora,Halmahera,,1560.0,1560.0,0.0,,,list-of-ultras-of-the-malay-archipelago
Mount Rumput,Mount Rumput,Borneo,,1590.0,1560.0,674.0,,,list-of-ultras-of-the-malay-archipelago
Cerro de la Paloma,Cerro de la Paloma,,,1995.0,1559.0,436.0,,,list-of-ultras-of-south-america
Chomo Yummo,Chomo Yummo,&nbsp;/&nbsp;,,6829.0,1559.0,5270.0,,,list-of-ultras-of-the-himalayas
Eglinton-Sam Ford Peak,,Nunavut,Baffin Island,1562.0,1559.0,,70.58,-70.7283,list-of-ultras-of-north-america
Kesis Dagi,Kesis Dagi,,Pontic Mountains,3546.0,1559.0,1987.0,,,list-of-ultras-of-west-asia
Mount Sylvia (British Columbia),,British Columbia,Muskwa Ranges,2940.0,1559.0,,58.082,-124.4688,list-of-ultras-of-north-america
Paramillo,Cerro Paramillo,,,3730.0,1559.0,2171.0,,,list-of-ultras-of-south-america
Beu-tse,Beu-tse,,,6270.0,1558.0,4712.0,,,list-of-ultras-of-tibet-east-asia-and-neighbouring-areas
Falak Sher,Falak Sher (Pakistan),,,5918.0,1558.0,4360.0,,,list-of-ultras-of-the-karakoram-and-hindu-kush
Jethi Bahurani,Jethi Bahurani,,,6850.0,1558.0,5292.0,,,list-of-ultras-of-the-himalayas
Laotzyunshan,Laotzyunshan,,,4500.0,1558.0,2942.0,,,list-of-ultras-of-tibet-east-asia-and-neighbouring-areas
Alto de Nique,Alto de Nique,&nbsp;/&nbsp;,,1730.0,1557.0,174.0,,,list-of-ultras-of-south-america
Cordón Soler,Cordón Soler,,,2150.0,1557.0,593.0,,,list-of-ultras-of-south-america
Kuh-e Gereh,Kuh-e Gereh,,Zagros Mountains,3990.0,1557.0,2433.0,,,list-of-ultras-of-west-asia
Mount Wotzke,,British Columbia,Quesnel Highland,2597.0,1556.0,,52.7131,-120.6507,list-of-ultras-of-north-america
Deyjay,Deyjay,New Guinea,,3340.0,1555.0,1785.0,,,list-of-ultras-of-oceania;list-of-ultras-of-the-malay-archipelago
Kinaussak,,,Island of Greenland,1630.0,1555.0,,64.45,-50.5167,list-of-ultras-of-north-america
Mount Macdonald (Yukon),,Yukon,Mackenzie Mountains,2760.0,1555.0,,64.7256,-132.7781,list-of-ultras-of-north-america
Sibium Mountains,Sibium Mountains,,,2295.0,1555.0,740.0,,,list-of-ultras-of-oceania
Mount Crysdale,,British Columbia,Misinchinka Ranges,2429.0,1554.0,,55.9383,-123.421,list-of-ultras-of-north-america
Tungurahua,Tungurahua,,,5016.0,1554.0,3462.0,,,list-of-ultras-of-south-america
Davraz Tepe,Davraz Tepe,,Taurus Mountains,2635.0,1553.0,1082.0,,,list-of-ultras-of-west-asia
Yaoji Shan,Yaoji Shan,,,3590.0,1552.0,2038.0,,,list-of-ultras-of-tibet-east-asia-and-neighbouring-areas
Ellmauer Halt,Ellmauer Halt,,,2344.0,1551.0,,,,list-of-european-ultra-prominent-peaks
Japvo,Japvo,,,3014.0,1551.0,1463.0,,,list-of-ultras-of-southeast-asia
Melungtse,Melungtse,,,7181.0,1551.0,5630.0,,,list-of-ultras-of-the-himalayas
Vile Peak,,British Columbia,Skeena Mountains,2189.0,1551.0,,56.2711,-128.3401,list-of-ultras-of-north-america
Avachinsky,Avachinsky,,,2741.0,1550.0,1191.0,,,list-of-ultras-of-northeast-asia
Bogdan Khmelnitskiy,Bogdan Khmelnitskiy,Iturup,,1585.0,1550.0,35.0,,,list-of-ultras-of-northeast-asia
Dubbi,,,,3950.0,1550.0,2400.0,,,list-of-ultras-of-africa
Gaaseland,,,Island of Greenland,2100.0,1550.0,,70.2,-27.6667,list-of-ultras-of-north-america
Nevado del Plomo,Nevado del Plomo,&nbsp;/&nbsp;,,6070.0,1550.0,4520.0,,,list-of-ultras-of-south-america
Dalton Peak,,Yukon,Saint Elias Mountains,2329.0,1549.0,,60.4767,-137.1728,list-of-ultras-of-north-america
Mount Augusta,,Alaska,Saint Elias Mountains,4288.545,1549.0,,60.3074,-140.4584,list-of-ultras-of-north-america
Mount Kruzenshtern,Mount Kruzenshtern,Novaya Zemlya,,1549.0,1549.0,0.0,,,list-of-european-ultra-prominent-peaks
Sangmissoq,,,Island of Sangmissoq,1549.0,1549.0,,60.0502,-43.9164,list-of-ultras-of-north-america
Colanguil,Colanguil,,,6122.0,1547.0,4575.0,,,list-of-ultras-of-south-america
Killi Tepe,Killi Tepe,,Taurus Mountains,3075.0,1547.0,1528.0,,,list-of-ultras-of-west-asia
Mount Bulusan,Mount Bulusan,Luzon,,1565.0,1547.0,18.0,,,list-of-ultras-of-the-philippines
Favres Bjerg,,,Island of Greenland,2000.0,1546.0,,73.95,-23.2,list-of-ultras-of-north-america
Geureudong,Geureudong,Sumatra,,2880.0,1546.0,1334.0,,,list-of-ultras-of-the-malay-archipelago
Khakandya,Mount Khakandya,,,2615.0,1545.0,1070.0,,,list-of-ultras-of-northeast-asia
Cerro Cónico,Cerro Cónico,&nbsp;/&nbsp;,,2271.0,1544.0,727.0,,,list-of-ultras-of-south-america
Ilgaz Daglari,Ilgaz Daglari,,Pontic Mountains,2587.0,1544.0,1043.0,,,list-of-ultras-of-west-asia
Point 2995,Point 2995,,,2995.0,1544.0,1451.0,,,list-of-ultras-of-southeast-asia
Copper Peak (Alaska),,Alaska,Chugach Mountains,2107.696,1543.815,,61.3297,-144.9599,list-of-ultras-of-north-america
Geyik Daglari,Geyik Daglari,,Taurus Mountains,2877.0,1543.0,1334.0,,,list-of-ultras-of-west-asia
Kataklik Kangri,Kataklik Kangri,&nbsp;/&nbsp;,,6897.0,1543.0,5354.0,,,list-of-ultras-of-tibet-east-asia-and-neighbouring-areas
Seweweekspoortpiek,Seweweekspoortpiek,,,2325.0,1543.0,782.0,,,list-of-ultras-of-africa
Chorolque,Chorolque,,,5520.0,1542.0,3978.0,,,list-of-ultras-of-south-america
Grande Tête de l'Obiou,Grande Tête de l'Obiou,,,2790.0,1542.0,,,,list-of-european-ultra-prominent-peaks
Mount Kulal,Mount Kulal,,,2285.0,1542.0,743.0,,,list-of-ultras-of-africa
Pico el Turmal,Pico el Turmal,,,3560.0,1542.0,2018.0,,,list-of-ultras-of-south-america
Baatar Khairkhan,Baatar Khairkhan,,,3984.0,1541.0,2443.0,,,list-of-ultras-of-central-asia
Bukit Daun,Bukit Daun,Sumatra,,2493.0,1541.0,952.0,,,list-of-ultras-of-the-malay-archipelago
Geladandong,Geladandong,,,6621.0,1541.0,5080.0,,,list-of-ultras-of-tibet-east-asia-and-neighbouring-areas
Point 1830,Point 1830,,,1830.0,1541.0,289.0,,,list-of-ultras-of-south-america
Roman-Kosh,Roman-Kosh,Ukraine,,1545.0,1541.0,4.0,,,list-of-european-ultra-prominent-peaks
Mount Bear,,Alaska,Saint Elias Mountains,4520.498,1540.498,,61.2834,-141.1433,list-of-ultras-of-north-america
Elivai Malai,Elivai Malai,,,2088.0,1540.0,548.0,,,list-of-ultras-of-tibet-east-asia-and-neighbouring-areas
Johnstrup Bjerge,,,Island of Greenland,2000.0,1540.0,,73.0,-25.5333,list-of-ultras-of-north-america
Mount Tsurugi,Mount Tsurugi (Tokushima),Shikoku,,1955.0,1540.0,415.0,,,list-of-ultra-prominent-peaks-of-japan
Yenui Shan,Yenui Shan,,,4880.0,1540.0,3340.0,,,list-of-ultras-of-tibet-east-asia-and-neighbouring-areas
Cerro Tenerife,Cerro Tenerife (Chile),,,1590.0,1539.0,51.0,,,list-of-ultras-of-south-america
Gran Caldera de Luba,Gran Caldera de Luba,Bioko,,2261.0,1539.0,722.0,,,list-of-ultras-of-africa
Kuh-e Denband,Kuh-e Denband,,Iranian plateau,2777.0,1539.0,1238.0,,,list-of-ultras-of-west-asia
Milne Volcano,Milne Volcano,Simushir,,1539.0,1539.0,0.0,,,list-of-ultras-of-northeast-asia
Chaupi Orco,Chaupi Orco (mountain),&nbsp;/&nbsp;,,6044.0,1537.0,4507.0,,,list-of-ultras-of-south-america
Point 5350 (China),Point 5350 (China),,,5350.0,1537.0,3813.0,,,list-of-ultras-of-tibet-east-asia-and-neighbouring-areas
Sumaco,Sumaco,,,3790.0,1536.0,2254.0,,,list-of-ultras-of-south-america
Berzelius Bjerg,,,Island of Greenland,1810.0,1535.0,,72.4667,-25.0667,list-of-ultras-of-north-america
Geli Kuh,Geli Kuh,,Eastern Iran,2995.0,1534.0,1461.0,,,list-of-ultras-of-west-asia
Langtang Lirung,Langtang Lirung,,,7234.0,1534.0,5700.0,,,list-of-ultras-of-the-himalayas
Península Videau,Península Videau,,,1580.0,1534.0,46.0,,,list-of-ultras-of-south-america
Korovin Volcano,,Alaska,Atka Island,1533.147,1533.147,,52.3816,-174.1653,list-of-ultras-of-north-america
Whitecap Mountain (British Columbia),,British Columbia,Coast Mountains,2918.0,1533.0,,50.7162,-122.5085,list-of-ultras-of-north-america
Paramo el Nevado,Paramo el Nevado,,,4250.0,1532.0,2718.0,,,list-of-ultras-of-south-america
Dunn Peak,,British Columbia,Columbia Mountains,2636.0,1531.0,,51.4372,-119.9546,list-of-ultras-of-north-america
Baojie Ling,Baojie Ling,,,1930.0,1530.0,400.0,,,list-of-ultras-of-tibet-east-asia-and-neighbouring-areas
Cerro El Pital,,,Sierra de las Nubes,2730.0,1530.0,,14.3844,-89.1292,list-of-ultras-of-north-america
Huangmao Jian,Huangmaojian Peak,,,1930.0,1530.0,400.0,,,list-of-ultras-of-tibet-east-asia-and-neighbouring-areas
Kuh-e Par-e Lavar,Kuh-e Par-e Lavar,,Zagros Mountains,2209.0,1530.0,679.0,,,list-of-ultras-of-west-asia
Mount Ida (Continental Ranges),,British Columbia,Canadian Rockies,3200.0,1530.0,,54.058,-120.3268,list-of-ultras-of-north-america
Mount Muhabura,Mount Muhabura,&nbsp;/&nbsp;,,4127.0,1530.0,2597.0,,,list-of-ultras-of-africa
Mount Temple (Alberta),,Alberta,Canadian Rockies,3540.0,1530.0,,51.3511,-116.2063,list-of-ultras-of-north-america
Tequila Volcano,,Jalisco,Jalisco,2930.0,1530.0,,20.7872,-103.8468,list-of-ultras-of-north-america
Bozbu Too,Bozbu Too,,,2875.0,1529.0,1346.0,,,list-of-ultras-of-central-asia
Burnag Kangri,Burnag Kangri,,,6821.0,1529.0,5292.0,,,list-of-ultras-of-the-karakoram-and-hindu-kush
Karenga,Karenga (mountain),,,2279.0,1529.0,750.0,,,list-of-ultras-of-africa
Mount Monkley,,British Columbia,Coast Mountains,1967.0,1529.0,,54.8914,-129.6477,list-of-ultras-of-north-america
Pik Grandioznyy,Pik Grandioznyy,,,2891.0,1529.0,1362.0,,,list-of-ultras-of-central-asia
Karakash Shan,Karakash Shan,,,6510.0,1528.0,4982.0,,,list-of-ultras-of-tibet-east-asia-and-neighbouring-areas
Miravalles Volcano,,,Cordillera de Guanacaste,2028.0,1528.0,,10.7469,-85.1505,list-of-ultras-of-north-america
Miller Peak (Arizona),,Arizona,Huachuca Mountains,2886.31,1527.356,,31.3928,-110.293,list-of-ultras-of-north-america
Cerro Desfiladero,Cerro Desfiladero,,,2300.0,1527.0,773.0,,,list-of-ultras-of-south-america
The Horn (British Columbia),,British Columbia,Coast Mountains,2907.0,1527.0,,52.319,-126.2363,list-of-ultras-of-north-america
Dund Saihny Nuruu,Dund Saihny Nuruu,,,2825.0,1526.0,1299.0,,,list-of-ultras-of-central-asia
Valamara,Valamara,,,2373.0,1526.0,847.0,,,list-of-european-ultra-prominent-peaks
Pass Mountain,,Yukon,Mackenzie Mountains,2514.605,1524.003,,64.514,-133.6254,list-of-ultras-of-north-america
Brown Peak,Brown Peak (Sturge Island),Sturge Island,,1524.0,1524.0,0.0,,,list-of-ultras-of-antarctica
Lonquimay,Lonquimay (volcano),,,2865.0,1524.0,1341.0,,,list-of-ultras-of-south-america
Mount Labo,Mount Labo,Luzon,,1544.0,1524.0,20.0,,,list-of-ultras-of-the-philippines
Gasherbrum II,Gasherbrum II,&nbsp;/&nbsp;,,8034.0,1523.0,6511.0,,,list-of-ultras-of-the-karakoram-and-hindu-kush
Mount Tod,,British Columbia,Thompson Plateau,2155.0,1523.0,,50.9166,-119.9407,list-of-ultras-of-north-america
Cuchilla San Lorenzo,Cuchilla San Lorenzo,,,2866.0,1522.0,1344.0,,,list-of-ultras-of-south-america
Cima Tosa,Cima Tosa,,,3173.0,1521.0,1652.0,,,list-of-european-ultra-prominent-peaks
Point 6215,Point 6215,,,6215.0,1521.0,4694.0,,,list-of-ultras-of-the-himalayas
Qingliang Feng,Qingliang Feng,,,1787.0,1521.0,266.0,,,list-of-ultras-of-tibet-east-asia-and-neighbouring-areas
Hochtor,Hochtor,,,2369.0,1520.0,,,,list-of-european-ultra-prominent-peaks
Isla Wellington,Isla Wellington,Isla Wellington,,1520.0,1520.0,0.0,,,list-of-ultras-of-south-america
Grey Hunter Peak,,Yukon,North Yukon Plateau,2214.0,1519.0,,63.1357,-135.6359,list-of-ultras-of-north-america
Imbabura,Imbabura Volcano,,,4634.0,1519.0,3115.0,,,list-of-ultras-of-south-america
Mount Xiaowutai,Mount Xiaowutai,,,2870.0,1519.0,1351.0,,,list-of-ultras-of-tibet-east-asia-and-neighbouring-areas
Phutulu Punta,Cerro Phutulu Punta,,,4284.0,1519.0,2765.0,,,list-of-ultras-of-south-america
Sarektjåhkkå,Sarektjåhkkå,,,2089.0,1519.0,570.0,,,list-of-european-ultra-prominent-peaks
Grimming,Grimming,,,2351.0,1518.0,,,,list-of-european-ultra-prominent-peaks
Minchinmávida,Minchinmávida,,,2450.0,1518.0,932.0,,,list-of-ultras-of-south-america
Mount Shungol,Mount Shungol,,,2752.0,1518.0,1234.0,,,list-of-ultras-of-oceania
Tres Quebradas,Los Patos,&nbsp;/&nbsp;,,6239.0,1518.0,4721.0,,,list-of-ultras-of-south-america
Grand Combin,Grand Combin,,,4314.0,1517.0,2797.0,,,list-of-european-ultra-prominent-peaks
Pelister,Baba Mountain (North Macedonia),,,2601.0,1516.0,1085.0,,,list-of-european-ultra-prominent-peaks
Gataga Peak,,British Columbia,Muskwa Ranges,2533.0,1515.0,,58.0697,-125.701,list-of-ultras-of-north-america
Mount Morning,Mount Morning,,,2725.0,1515.0,1210.0,,,list-of-ultras-of-antarctica
Mount Nyangani,Mount Nyangani,,,2592.0,1515.0,1077.0,,,list-of-ultras-of-africa
Incahuasi,Incahuasi,&nbsp;/&nbsp;,,6621.0,1514.0,5107.0,,,list-of-ultras-of-south-america
La Tournette,La Tournette,,,2351.0,1514.0,,,,list-of-european-ultra-prominent-peaks
Psili Koryfi,Acarnanian Mountains,,,1589.0,1514.0,75.0,,,list-of-european-ultra-prominent-peaks
Ambition Mountain,,British Columbia,Coast Mountains,2953.0,1513.0,,57.3949,-131.4851,list-of-ultras-of-north-america
Kuh-e Soltan Saheb,Kuh-e Soltan Saheb,,,4270.0,1513.0,2757.0,,,list-of-ultras-of-the-karakoram-and-hindu-kush
Tres Hermanos,Tres Hermanos,,,2010.0,1513.0,497.0,,,list-of-ultras-of-south-america
Kamakou,,,,1512.116,1512.116,21.1065,21.1065,-156.8682,list-of-ultras-of-oceania
Chung Muztagh,Chung Muztagh,,,6962.0,1512.0,5450.0,,,list-of-ultras-of-tibet-east-asia-and-neighbouring-areas
Loma Alto de la Bandera,,,Island of Hispaniola,2842.0,1512.0,,18.8126,-70.6268,list-of-ultras-of-north-america
Mount Taraka,Mount Taraka,,,2251.0,1511.0,740.0,,,list-of-ultras-of-oceania
Point 5840,Point 5840,,,5840.0,1511.0,4329.0,,,list-of-ultras-of-the-himalayas
Angna Mountain,,Nunavut,Baffin Island,1710.0,1510.0,,66.5595,-62.0273,list-of-ultras-of-north-america
Arga-Tas,Arga-Tas,,,2400.0,1510.0,890.0,,,list-of-ultras-of-northeast-asia
Cerro Atravesado,,Oaxaca,Oaxaca,2310.0,1510.0,,16.7652,-94.4514,list-of-ultras-of-north-america
Delo,Mount Delo,,,3240.0,1510.0,1730.0,,,list-of-ultras-of-africa
Guna Terara,Mount Guna,,,4120.0,1510.0,2610.0,,,list-of-ultras-of-africa
Kuh-e Menar,Kuh-e Menar,,Zagros Mountains,3750.0,1510.0,2240.0,,,list-of-ultras-of-west-asia
Kuh-e Nozva,Kuh-e Nozva,,Alborz Mountains,3730.0,1510.0,2220.0,,,list-of-ultras-of-west-asia
Kuh-e Raziyeh,Kuh-e Raziyeh,,Zagros Mountains,3120.0,1510.0,1610.0,,,list-of-ultras-of-west-asia
Kuh-e Sefid,,,,4750.0,1510.0,3240.0,,,list-of-ultras-of-the-karakoram-and-hindu-kush
Mount Moco,Mount Moco,,,2620.0,1510.0,1110.0,,,list-of-ultras-of-africa
Sierra del Fraile,,Nuevo León,Sierra Madre Oriental,2310.0,1510.0,,25.8645,-100.6095,list-of-ultras-of-north-america
Akbaba Tepesi,Akbaba Tepesi,,Pontic Mountains,3457.0,1509.0,1948.0,,,list-of-ultras-of-west-asia
Champara,Champara,,,5735.0,1509.0,4226.0,,,list-of-ultras-of-south-america
Kennedy Peak,Kennedy Peak (Burma),,,2703.0,1509.0,1194.0,,,list-of-ultras-of-southeast-asia
Khrebet Baldyrgannyg,Khrebet Baldyrgannyg,,,2522.0,1509.0,1013.0,,,list-of-ultras-of-central-asia
Kuh-e Patu,Kuh-e Patu,,Alborz Mountains,3070.0,1509.0,1561.0,,,list-of-ultras-of-west-asia
Gora Bogchigir,Gora Bogchigir,,,5780.0,1508.0,4272.0,,,list-of-ultras-of-central-asia
Hkusam Mountain,,British Columbia,Vancouver Island,1645.0,1508.0,,50.3349,-125.8407,list-of-ultras-of-north-america
Mount Wuling,Mount Wuling,,,2118.0,1508.0,600.0,,,list-of-ultras-of-tibet-east-asia-and-neighbouring-areas
Cerro Cuatro Puntas,Cerro Cuatro Puntas,,,1810.0,1507.0,303.0,,,list-of-ultras-of-south-america
Montaña los Comayagua,,,Comayagua,2407.0,1507.0,,14.5,-87.5,list-of-ultras-of-north-america
Monte Burney,Monte Burney,,,1520.0,1507.0,13.0,,,list-of-ultras-of-south-america
Sierra de Sangra,Sierra de Sangra,&nbsp;/&nbsp;,,2200.0,1507.0,693.0,,,list-of-ultras-of-south-america
Cerro Castillejos,Cerro Castillejos,,,2480.0,1505.0,975.0,,,list-of-ultras-of-south-america
Hajhir,Hajhir,,Socotra,1505.0,1505.0,0.0,,,list-of-ultras-of-west-asia
Kitlope Peak,,British Columbia,Coast Mountains,1950.0,1505.0,,53.0381,-127.6414,list-of-ultras-of-north-america
Mount Joffre,,Alberta,Canadian Rockies,3433.0,1505.0,,50.5285,-115.2069,list-of-ultras-of-north-america
Mount Tai,Mount Tai,,,1545.0,1505.0,40.0,,,list-of-ultras-of-tibet-east-asia-and-neighbouring-areas
Sierra de Agalta,,,Sierra de Agalta,2335.0,1505.0,,14.9576,-85.9165,list-of-ultras-of-north-america
Doda,Doda (mountain),,,6573.0,1504.0,5069.0,,,list-of-ultras-of-the-himalayas
Gangshiqia Peak,Gangshiqia Peak,,,5254.0,1504.0,3750.0,,,list-of-ultras-of-tibet-east-asia-and-neighbouring-areas
Mount Anderson,Mount Anderson (Antarctica),,,4254.0,1504.0,2750.0,,,list-of-ultras-of-antarctica
Uludağ,Uludağ,,Western Anatolia,2543.0,1504.0,1039.0,,,list-of-ultras-of-west-asia
Cangshan,Cang Mountain,,,4122.0,1502.0,2620.0,,,list-of-ultras-of-tibet-east-asia-and-neighbouring-areas
Gara Muleta,Mount Gara Muleta,,,3405.0,1502.0,1903.0,,,list-of-ultras-of-africa
Gora Boboiob,Gora Boboiob,,,3770.0,1502.0,2268.0,,,list-of-ultras-of-central-asia
Mount Kalatungan,Mount Kalatungan,Mindanao,,2824.0,1502.0,,,,list-of-ultras-of-the-philippines
Mount Van der Est,,British Columbia,Coast Mountains,1801.0,1502.0,,50.5565,-125.2832,list-of-ultras-of-north-america
Piz Kesch,Piz Kesch,,,3418.0,1502.0,,,,list-of-european-ultra-prominent-peaks
Robertson Peak,,British Columbia,Coast Mountains,2252.0,1502.0,,49.646,-122.2502,list-of-ultras-of-north-america
Wenshan,Wenshan (mountain),,,2990.0,1502.0,1055.0,,,list-of-ultras-of-southeast-asia
Zirbitzkogel,Zirbitzkogel,,,2396.0,1502.0,,,,list-of-european-ultra-prominent-peaks
Cima Brenta,Cima Brenta,,,3151.0,1501.0,,,,list-of-european-ultra-prominent-peaks
Mount Ng'iro,Mount Ng'iro,,,2848.0,1501.0,1347.0,,,list-of-ultras-of-africa
Pico de Malpaso,Pico de Malpaso,Canaries,,1501.0,1501.0,0.0,,,list-of-european-ultra-prominent-peaks
Udokan Range,Udokan Range,,,2570.0,1501.0,1069.0,,,list-of-ultras-of-northeast-asia
Cerro el Cerron,Cerro el Cerron,,,2100.0,1500.0,600.0,,,list-of-ultras-of-south-america
Kiyamaki Dagh,Kiyamaki Dagh,,Lesser Caucasus,3358.0,1500.0,1858.0,,,list-of-ultras-of-west-asia
Qaidam Shan,Qaidam Shan,,,5759.0,1500.0,4259.0,,,list-of-ultras-of-tibet-east-asia-and-neighbouring-areas
